coverage_id,requirement_id,description,coverage_type,risk_level,related_techniques,tags,notes
COV-001,REQ-TODO-001,Verify core behavior: create todo,Functional,Medium,['Equivalence Partitioning'],['core'],Expected result basis: todo created
COV-002,REQ-TODO-001,Test input field 'text' with valid and invalid data,Input,Medium,"['Equivalence Partitioning', 'Boundary Value Analysis']",['input'],Expected result basis: todo created
COV-003,REQ-TODO-001,Validate condition: text non-empty,Condition,Medium,['Decision Table Testing'],['condition'],Expected result basis: todo created
COV-004,REQ-TODO-001,Test data range and boundaries: non-empty,Boundary,Medium,"['Boundary Value Analysis', 'Equivalence Partitioning']",['boundary'],Expected result basis: todo created
COV-005,REQ-TODO-002,Verify core behavior: reject creation,Functional,Medium,['Equivalence Partitioning'],['core'],Expected result basis: error
COV-006,REQ-TODO-002,Test input field 'text' with valid and invalid data,Input,Medium,"['Equivalence Partitioning', 'Boundary Value Analysis']",['input'],Expected result basis: error
COV-007,REQ-TODO-002,Validate condition: text empty,Condition,Medium,['Decision Table Testing'],['condition'],Expected result basis: error
COV-008,REQ-TODO-002,Test data range and boundaries: empty,Boundary,Medium,"['Boundary Value Analysis', 'Equivalence Partitioning']",['boundary'],Expected result basis: error
COV-009,REQ-TODO-003,Verify core behavior: reject creation,Functional,Medium,['Equivalence Partitioning'],['core'],Expected result basis: error
COV-010,REQ-TODO-003,Test input field 'text' with valid and invalid data,Input,Medium,"['Equivalence Partitioning', 'Boundary Value Analysis']",['input'],Expected result basis: error
COV-011,REQ-TODO-003,Validate condition: text length>100,Condition,Medium,['Decision Table Testing'],['condition'],Expected result basis: error
COV-012,REQ-TODO-003,Test data range and boundaries: length>100,Boundary,Medium,"['Boundary Value Analysis', 'Equivalence Partitioning']",['boundary'],Expected result basis: error
COV-013,REQ-TODO-004,Verify core behavior: mark completed,Functional,Medium,['Equivalence Partitioning'],['core'],Expected result basis: status changed to completed
COV-014,REQ-TODO-004,Test input field 'todo' with valid and invalid data,Input,Medium,"['Equivalence Partitioning', 'Boundary Value Analysis']",['input'],Expected result basis: status changed to completed
COV-015,REQ-TODO-004,Validate condition: todo active,Condition,Medium,['Decision Table Testing'],['condition'],Expected result basis: status changed to completed
COV-016,REQ-TODO-004,Test data range and boundaries: active,Boundary,Medium,"['Boundary Value Analysis', 'Equivalence Partitioning']",['boundary'],Expected result basis: status changed to completed
COV-017,REQ-TODO-005,Verify core behavior: mark active,Functional,Medium,['Equivalence Partitioning'],['core'],Expected result basis: status changed to active
COV-018,REQ-TODO-005,Test input field 'todo' with valid and invalid data,Input,Medium,"['Equivalence Partitioning', 'Boundary Value Analysis']",['input'],Expected result basis: status changed to active
COV-019,REQ-TODO-005,Validate condition: todo completed,Condition,Medium,['Decision Table Testing'],['condition'],Expected result basis: status changed to active
COV-020,REQ-TODO-005,Test data range and boundaries: completed,Boundary,Medium,"['Boundary Value Analysis', 'Equivalence Partitioning']",['boundary'],Expected result basis: status changed to active
COV-021,REQ-TODO-006,Verify core behavior: delete todo,Functional,Medium,['Equivalence Partitioning'],['core'],Expected result basis: todo removed
COV-022,REQ-TODO-006,Test input field 'todo' with valid and invalid data,Input,Medium,"['Equivalence Partitioning', 'Boundary Value Analysis']",['input'],Expected result basis: todo removed
COV-023,REQ-TODO-006,Validate condition: todo exists,Condition,Medium,['Decision Table Testing'],['condition'],Expected result basis: todo removed
COV-024,REQ-TODO-006,Test data range and boundaries: exists,Boundary,Medium,"['Boundary Value Analysis', 'Equivalence Partitioning']",['boundary'],Expected result basis: todo removed
COV-025,REQ-TODO-007,Verify core behavior: display list,Functional,Medium,['Equivalence Partitioning'],['core'],Expected result basis: all todos shown
COV-026,REQ-TODO-007,Validate condition: any,Condition,Medium,['Decision Table Testing'],['condition'],Expected result basis: all todos shown
COV-027,REQ-TODO-007,Test data range and boundaries: any,Boundary,Medium,"['Boundary Value Analysis', 'Equivalence Partitioning']",['boundary'],Expected result basis: all todos shown
COV-028,REQ-TODO-008,Verify core behavior: keep todos,Functional,High,['Equivalence Partitioning'],['core'],Expected result basis: todos persist
COV-029,REQ-TODO-008,Validate condition: after refresh,Condition,High,['Decision Table Testing'],['condition'],Expected result basis: todos persist
COV-030,REQ-TODO-008,Test data range and boundaries: any,Boundary,High,"['Boundary Value Analysis', 'Equivalence Partitioning']",['boundary'],Expected result basis: todos persist
COV-031,REQ-TODO-009,Verify core behavior: create todo,Functional,Medium,['Equivalence Partitioning'],['core'],Expected result basis: todo created
COV-032,REQ-TODO-009,Test input field 'text' with valid and invalid data,Input,Medium,"['Equivalence Partitioning', 'Boundary Value Analysis']",['input'],Expected result basis: todo created
COV-033,REQ-TODO-009,Validate condition: Enter key,Condition,Medium,['Decision Table Testing'],['condition'],Expected result basis: todo created
COV-034,REQ-TODO-009,Test data range and boundaries: non-empty,Boundary,Medium,"['Boundary Value Analysis', 'Equivalence Partitioning']",['boundary'],Expected result basis: todo created
COV-035,REQ-TODO-010,Verify core behavior: create todo,Functional,Medium,['Equivalence Partitioning'],['core'],Expected result basis: text trimmed
COV-036,REQ-TODO-010,Test input field 'text' with valid and invalid data,Input,Medium,"['Equivalence Partitioning', 'Boundary Value Analysis']",['input'],Expected result basis: text trimmed
COV-037,REQ-TODO-010,Validate condition: trim,Condition,Medium,['Decision Table Testing'],['condition'],Expected result basis: text trimmed
COV-038,REQ-TODO-010,Test data range and boundaries: has spaces,Boundary,Medium,"['Boundary Value Analysis', 'Equivalence Partitioning']",['boundary'],Expected result basis: text trimmed
COV-039,REQ-TODO-011,Verify core behavior: reject creation,Functional,Medium,['Equivalence Partitioning'],['core'],Expected result basis: error
COV-040,REQ-TODO-011,Test input field 'text' with valid and invalid data,Input,Medium,"['Equivalence Partitioning', 'Boundary Value Analysis']",['input'],Expected result basis: error
COV-041,REQ-TODO-011,Validate condition: text only spaces,Condition,Medium,['Decision Table Testing'],['condition'],Expected result basis: error
COV-042,REQ-TODO-011,Test data range and boundaries: only spaces,Boundary,Medium,"['Boundary Value Analysis', 'Equivalence Partitioning']",['boundary'],Expected result basis: error
COV-043,REQ-TODO-012,Verify core behavior: show validation,Functional,Medium,['Equivalence Partitioning'],['core'],Expected result basis: validation message
COV-044,REQ-TODO-012,Test input field 'text' with valid and invalid data,Input,Medium,"['Equivalence Partitioning', 'Boundary Value Analysis']",['input'],Expected result basis: validation message
COV-045,REQ-TODO-012,Validate condition: creation fails,Condition,Medium,['Decision Table Testing'],['condition'],Expected result basis: validation message
COV-046,REQ-TODO-012,Test data range and boundaries: invalid,Boundary,Medium,"['Boundary Value Analysis', 'Equivalence Partitioning']",['boundary'],Expected result basis: validation message
COV-047,REQ-TODO-013,Verify core behavior: create todos,Functional,Medium,['Equivalence Partitioning'],['core'],Expected result basis: all created
COV-048,REQ-TODO-013,Test input field 'text' with valid and invalid data,Input,Medium,"['Equivalence Partitioning', 'Boundary Value Analysis']",['input'],Expected result basis: all created
COV-049,REQ-TODO-013,Validate condition: multiple,Condition,Medium,['Decision Table Testing'],['condition'],Expected result basis: all created
COV-050,REQ-TODO-013,Test data range and boundaries: different,Boundary,Medium,"['Boundary Value Analysis', 'Equivalence Partitioning']",['boundary'],Expected result basis: all created
COV-051,REQ-TODO-014,Verify core behavior: preserve order,Functional,Medium,['Equivalence Partitioning'],['core'],Expected result basis: order maintained
COV-052,REQ-TODO-014,Validate condition: creation order,Condition,Medium,['Decision Table Testing'],['condition'],Expected result basis: order maintained
COV-053,REQ-TODO-014,Test data range and boundaries: any,Boundary,Medium,"['Boundary Value Analysis', 'Equivalence Partitioning']",['boundary'],Expected result basis: order maintained
COV-054,REQ-TODO-015,Verify core behavior: edit text,Functional,Medium,['Equivalence Partitioning'],['core'],Expected result basis: text updated
COV-055,REQ-TODO-015,Test input field 'todo' with valid and invalid data,Input,Medium,"['Equivalence Partitioning', 'Boundary Value Analysis']",['input'],Expected result basis: text updated
COV-056,REQ-TODO-015,Test input field 'newText' with valid and invalid data,Input,Medium,"['Equivalence Partitioning', 'Boundary Value Analysis']",['input'],Expected result basis: text updated
COV-057,REQ-TODO-015,Validate condition: todo active,Condition,Medium,['Decision Table Testing'],['condition'],Expected result basis: text updated
COV-058,REQ-TODO-015,Test data range and boundaries: active,Boundary,Medium,"['Boundary Value Analysis', 'Equivalence Partitioning']",['boundary'],Expected result basis: text updated
COV-059,REQ-TODO-016,Verify core behavior: edit text,Functional,Medium,['Equivalence Partitioning'],['core'],Expected result basis: text updated
COV-060,REQ-TODO-016,Test input field 'todo' with valid and invalid data,Input,Medium,"['Equivalence Partitioning', 'Boundary Value Analysis']",['input'],Expected result basis: text updated
COV-061,REQ-TODO-016,Test input field 'newText' with valid and invalid data,Input,Medium,"['Equivalence Partitioning', 'Boundary Value Analysis']",['input'],Expected result basis: text updated
COV-062,REQ-TODO-016,Validate condition: todo completed,Condition,Medium,['Decision Table Testing'],['condition'],Expected result basis: text updated
COV-063,REQ-TODO-016,Test data range and boundaries: completed,Boundary,Medium,"['Boundary Value Analysis', 'Equivalence Partitioning']",['boundary'],Expected result basis: text updated
COV-064,REQ-TODO-017,Verify core behavior: save edit,Functional,Medium,['Equivalence Partitioning'],['core'],Expected result basis: text saved
COV-065,REQ-TODO-017,Test input field 'todo' with valid and invalid data,Input,Medium,"['Equivalence Partitioning', 'Boundary Value Analysis']",['input'],Expected result basis: text saved
COV-066,REQ-TODO-017,Test input field 'newText' with valid and invalid data,Input,Medium,"['Equivalence Partitioning', 'Boundary Value Analysis']",['input'],Expected result basis: text saved
COV-067,REQ-TODO-017,Validate condition: Enter key,Condition,Medium,['Decision Table Testing'],['condition'],Expected result basis: text saved
COV-068,REQ-TODO-017,Test data range and boundaries: valid,Boundary,Medium,"['Boundary Value Analysis', 'Equivalence Partitioning']",['boundary'],Expected result basis: text saved
COV-069,REQ-TODO-018,Verify core behavior: cancel edit,Functional,Medium,['Equivalence Partitioning'],['core'],Expected result basis: original text restored
COV-070,REQ-TODO-018,Test input field 'todo' with valid and invalid data,Input,Medium,"['Equivalence Partitioning', 'Boundary Value Analysis']",['input'],Expected result basis: original text restored
COV-071,REQ-TODO-018,Validate condition: Escape key,Condition,Medium,['Decision Table Testing'],['condition'],Expected result basis: original text restored
COV-072,REQ-TODO-018,Test data range and boundaries: editing,Boundary,Medium,"['Boundary Value Analysis', 'Equivalence Partitioning']",['boundary'],Expected result basis: original text restored
COV-073,REQ-TODO-019,Verify core behavior: reject edit,Functional,Medium,['Equivalence Partitioning'],['core'],Expected result basis: error
COV-074,REQ-TODO-019,Test input field 'todo' with valid and invalid data,Input,Medium,"['Equivalence Partitioning', 'Boundary Value Analysis']",['input'],Expected result basis: error
COV-075,REQ-TODO-019,Test input field 'newText' with valid and invalid data,Input,Medium,"['Equivalence Partitioning', 'Boundary Value Analysis']",['input'],Expected result basis: error
COV-076,REQ-TODO-019,Validate condition: edit empty,Condition,Medium,['Decision Table Testing'],['condition'],Expected result basis: error
COV-077,REQ-TODO-019,Test data range and boundaries: empty,Boundary,Medium,"['Boundary Value Analysis', 'Equivalence Partitioning']",['boundary'],Expected result basis: error
COV-078,REQ-TODO-020,Verify core behavior: reject edit,Functional,Medium,['Equivalence Partitioning'],['core'],Expected result basis: error
COV-079,REQ-TODO-020,Test input field 'todo' with valid and invalid data,Input,Medium,"['Equivalence Partitioning', 'Boundary Value Analysis']",['input'],Expected result basis: error
COV-080,REQ-TODO-020,Test input field 'newText' with valid and invalid data,Input,Medium,"['Equivalence Partitioning', 'Boundary Value Analysis']",['input'],Expected result basis: error
COV-081,REQ-TODO-020,Validate condition: edit length>100,Condition,Medium,['Decision Table Testing'],['condition'],Expected result basis: error
COV-082,REQ-TODO-020,Test data range and boundaries: length>100,Boundary,Medium,"['Boundary Value Analysis', 'Equivalence Partitioning']",['boundary'],Expected result basis: error
COV-083,REQ-TODO-021,Verify core behavior: keep status,Functional,Medium,['Equivalence Partitioning'],['core'],Expected result basis: status unchanged
COV-084,REQ-TODO-021,Test input field 'todo' with valid and invalid data,Input,Medium,"['Equivalence Partitioning', 'Boundary Value Analysis']",['input'],Expected result basis: status unchanged
COV-085,REQ-TODO-021,Test input field 'newText' with valid and invalid data,Input,Medium,"['Equivalence Partitioning', 'Boundary Value Analysis']",['input'],Expected result basis: status unchanged
COV-086,REQ-TODO-021,Validate condition: edit text,Condition,Medium,['Decision Table Testing'],['condition'],Expected result basis: status unchanged
COV-087,REQ-TODO-021,Test data range and boundaries: any,Boundary,Medium,"['Boundary Value Analysis', 'Equivalence Partitioning']",['boundary'],Expected result basis: status unchanged
COV-088,REQ-TODO-022,Verify core behavior: display update,Functional,Medium,['Equivalence Partitioning'],['core'],Expected result basis: text shown immediately
COV-089,REQ-TODO-022,Test input field 'todo' with valid and invalid data,Input,Medium,"['Equivalence Partitioning', 'Boundary Value Analysis']",['input'],Expected result basis: text shown immediately
COV-090,REQ-TODO-022,Test input field 'newText' with valid and invalid data,Input,Medium,"['Equivalence Partitioning', 'Boundary Value Analysis']",['input'],Expected result basis: text shown immediately
COV-091,REQ-TODO-022,Validate condition: save edit,Condition,Medium,['Decision Table Testing'],['condition'],Expected result basis: text shown immediately
COV-092,REQ-TODO-022,Test data range and boundaries: valid,Boundary,Medium,"['Boundary Value Analysis', 'Equivalence Partitioning']",['boundary'],Expected result basis: text shown immediately
COV-093,REQ-TODO-023,Verify core behavior: mark all active as completed,Functional,Medium,['Equivalence Partitioning'],['core'],Expected result basis: all active completed
COV-094,REQ-TODO-023,Validate condition: mark all,Condition,Medium,['Decision Table Testing'],['condition'],Expected result basis: all active completed
COV-095,REQ-TODO-023,Test data range and boundaries: active todos exist,Boundary,Medium,"['Boundary Value Analysis', 'Equivalence Partitioning']",['boundary'],Expected result basis: all active completed
COV-096,REQ-TODO-024,Verify core behavior: mark all completed as active,Functional,Medium,['Equivalence Partitioning'],['core'],Expected result basis: all completed active
COV-097,REQ-TODO-024,Validate condition: mark all,Condition,Medium,['Decision Table Testing'],['condition'],Expected result basis: all completed active
COV-098,REQ-TODO-024,Test data range and boundaries: completed todos exist,Boundary,Medium,"['Boundary Value Analysis', 'Equivalence Partitioning']",['boundary'],Expected result basis: all completed active
COV-099,REQ-TODO-025,Verify core behavior: update state,Functional,Medium,['Equivalence Partitioning'],['core'],Expected result basis: state updated immediately
COV-100,REQ-TODO-025,Test input field 'todo' with valid and invalid data,Input,Medium,"['Equivalence Partitioning', 'Boundary Value Analysis']",['input'],Expected result basis: state updated immediately
COV-101,REQ-TODO-025,Validate condition: toggle,Condition,Medium,['Decision Table Testing'],['condition'],Expected result basis: state updated immediately
COV-102,REQ-TODO-025,Test data range and boundaries: any,Boundary,Medium,"['Boundary Value Analysis', 'Equivalence Partitioning']",['boundary'],Expected result basis: state updated immediately
COV-103,REQ-TODO-026,Verify core behavior: Toggle Todo completion state,Functional,Low,['Equivalence Partitioning'],['core'],Expected result basis: The Todo completion state is updated
COV-104,REQ-TODO-026,Test input field 'Todo text' with valid and invalid data,Input,Low,"['Equivalence Partitioning', 'Boundary Value Analysis']",['input'],Expected result basis: The Todo completion state is updated
COV-105,REQ-TODO-027,Verify core behavior: Mark Todo as completed,Functional,Medium,['Equivalence Partitioning'],['core'],Expected result basis: The Todo completion state is updated
COV-106,REQ-TODO-027,Test input field 'Todo text' with valid and invalid data,Input,Medium,"['Equivalence Partitioning', 'Boundary Value Analysis']",['input'],Expected result basis: The Todo completion state is updated
COV-107,REQ-TODO-027,Validate condition: Todo is completed,Condition,Medium,['Decision Table Testing'],['condition'],Expected result basis: The Todo completion state is updated
COV-108,REQ-TODO-028,Verify core behavior: Mark Todo as completed,Functional,Medium,['Equivalence Partitioning'],['core'],Expected result basis: The Todo completion state is updated
COV-109,REQ-TODO-028,Test input field 'Todo text' with valid and invalid data,Input,Medium,"['Equivalence Partitioning', 'Boundary Value Analysis']",['input'],Expected result basis: The Todo completion state is updated
COV-110,REQ-TODO-028,Validate condition: Todo is completed,Condition,Medium,['Decision Table Testing'],['condition'],Expected result basis: The Todo completion state is updated
COV-111,REQ-TODO-029,Verify core behavior: The system shall support toggling completion state repeatedly.,Functional,Medium,['Equivalence Partitioning'],['core'],
COV-112,REQ-TODO-030,Verify core behavior: Mark Todo as completed,Functional,Low,['Equivalence Partitioning'],['core'],Expected result basis: The Todo completion state is updated
COV-113,REQ-TODO-030,Test input field 'Todo text' with valid and invalid data,Input,Low,"['Equivalence Partitioning', 'Boundary Value Analysis']",['input'],Expected result basis: The Todo completion state is updated
COV-114,REQ-TODO-030,Validate condition: Todo is completed,Condition,Low,['Decision Table Testing'],['condition'],Expected result basis: The Todo completion state is updated
COV-115,REQ-TODO-031,Verify core behavior: Delete Todo,Functional,Medium,['Equivalence Partitioning'],['core'],Expected result basis: The selected Todo is removed from the list
COV-116,REQ-TODO-031,Test input field 'Todo text' with valid and invalid data,Input,Medium,"['Equivalence Partitioning', 'Boundary Value Analysis']",['input'],Expected result basis: The selected Todo is removed from the list
COV-117,REQ-TODO-031,Validate condition: Todo exists before deletion,Condition,Medium,['Decision Table Testing'],['condition'],Expected result basis: The selected Todo is removed from the list
COV-118,REQ-TODO-032,Verify core behavior: Delete Todo,Functional,Medium,['Equivalence Partitioning'],['core'],Expected result basis: The selected Todo is removed from the list
COV-119,REQ-TODO-032,Test input field 'Todo text' with valid and invalid data,Input,Medium,"['Equivalence Partitioning', 'Boundary Value Analysis']",['input'],Expected result basis: The selected Todo is removed from the list
COV-120,REQ-TODO-032,Validate condition: Todo is completed,Condition,Medium,['Decision Table Testing'],['condition'],Expected result basis: The selected Todo is removed from the list
COV-121,REQ-TODO-032,Validate condition: Todo exists before deletion,Condition,Medium,['Decision Table Testing'],['condition'],Expected result basis: The selected Todo is removed from the list
COV-122,REQ-TODO-033,Verify core behavior: Delete Todo,Functional,Medium,['Equivalence Partitioning'],['core'],Expected result basis: The selected Todo is removed from the list
COV-123,REQ-TODO-033,Test input field 'Todo text' with valid and invalid data,Input,Medium,"['Equivalence Partitioning', 'Boundary Value Analysis']",['input'],Expected result basis: The selected Todo is removed from the list
COV-124,REQ-TODO-033,Validate condition: Todo exists before deletion,Condition,Medium,['Decision Table Testing'],['condition'],Expected result basis: The selected Todo is removed from the list
COV-125,REQ-TODO-034,Verify core behavior: Delete Todo,Functional,Medium,['Equivalence Partitioning'],['core'],Expected result basis: The selected Todo is removed from the list
COV-126,REQ-TODO-034,Test input field 'Todo text' with valid and invalid data,Input,Medium,"['Equivalence Partitioning', 'Boundary Value Analysis']",['input'],Expected result basis: The selected Todo is removed from the list
COV-127,REQ-TODO-034,Validate condition: Todo exists before deletion,Condition,Medium,['Decision Table Testing'],['condition'],Expected result basis: The selected Todo is removed from the list
COV-128,REQ-TODO-035,Verify core behavior: Delete Todo,Functional,Medium,['Equivalence Partitioning'],['core'],Expected result basis: Invalid input is rejected and no invalid Todo is created
COV-129,REQ-TODO-035,Test input field 'Todo text' with valid and invalid data,Input,Medium,"['Equivalence Partitioning', 'Boundary Value Analysis']",['input'],Expected result basis: Invalid input is rejected and no invalid Todo is created
COV-130,REQ-TODO-035,Validate condition: Todo exists before deletion,Condition,Medium,['Decision Table Testing'],['condition'],Expected result basis: Invalid input is rejected and no invalid Todo is created
COV-131,REQ-TODO-036,Verify core behavior: The system shall allow deleting the last remaining todo item.,Functional,Medium,['Equivalence Partitioning'],['core'],
COV-132,REQ-TODO-036,Test input field 'Todo text' with valid and invalid data,Input,Medium,"['Equivalence Partitioning', 'Boundary Value Analysis']",['input'],
COV-133,REQ-TODO-037,Verify core behavior: Delete Todo,Functional,Medium,['Equivalence Partitioning'],['core'],Expected result basis: Invalid input is rejected and no invalid Todo is created
COV-134,REQ-TODO-037,Test input field 'Todo text' with valid and invalid data,Input,Medium,"['Equivalence Partitioning', 'Boundary Value Analysis']",['input'],Expected result basis: Invalid input is rejected and no invalid Todo is created
COV-135,REQ-TODO-037,Validate condition: Todo text is empty,Condition,Medium,['Decision Table Testing'],['condition'],Expected result basis: Invalid input is rejected and no invalid Todo is created
COV-136,REQ-TODO-037,Validate condition: Todo exists before deletion,Condition,Medium,['Decision Table Testing'],['condition'],Expected result basis: Invalid input is rejected and no invalid Todo is created
COV-137,REQ-TODO-038,Verify core behavior: Mark Todo as completed,Functional,Medium,['Equivalence Partitioning'],['core'],Expected result basis: The Todo completion state is updated
COV-138,REQ-TODO-038,Test input field 'Todo text' with valid and invalid data,Input,Medium,"['Equivalence Partitioning', 'Boundary Value Analysis']",['input'],Expected result basis: The Todo completion state is updated
COV-139,REQ-TODO-038,Validate condition: Todo is completed,Condition,Medium,['Decision Table Testing'],['condition'],Expected result basis: The Todo completion state is updated
COV-140,REQ-TODO-039,Verify core behavior: Mark Todo as completed,Functional,Low,['Equivalence Partitioning'],['core'],Expected result basis: The Todo completion state is updated
COV-141,REQ-TODO-039,Test input field 'Todo text' with valid and invalid data,Input,Low,"['Equivalence Partitioning', 'Boundary Value Analysis']",['input'],Expected result basis: The Todo completion state is updated
COV-142,REQ-TODO-039,Validate condition: Todo is completed,Condition,Low,['Decision Table Testing'],['condition'],Expected result basis: The Todo completion state is updated
COV-143,REQ-TODO-040,Verify core behavior: Mark Todo as completed,Functional,Low,['Equivalence Partitioning'],['core'],Expected result basis: The Todo completion state is updated
COV-144,REQ-TODO-040,Test input field 'Todo text' with valid and invalid data,Input,Low,"['Equivalence Partitioning', 'Boundary Value Analysis']",['input'],Expected result basis: The Todo completion state is updated
COV-145,REQ-TODO-040,Validate condition: Todo is completed,Condition,Low,['Decision Table Testing'],['condition'],Expected result basis: The Todo completion state is updated
COV-146,REQ-TODO-041,Verify core behavior: Display Todo list,Functional,Medium,['Equivalence Partitioning'],['core'],
COV-147,REQ-TODO-041,Test input field 'Todo text' with valid and invalid data,Input,Medium,"['Equivalence Partitioning', 'Boundary Value Analysis']",['input'],
COV-148,REQ-TODO-042,Verify core behavior: The system shall show an empty state message when no todo items exist.,Functional,Medium,['Equivalence Partitioning'],['core'],Expected result basis: Invalid input is rejected and no invalid Todo is created
COV-149,REQ-TODO-042,Test input field 'Todo text' with valid and invalid data,Input,Medium,"['Equivalence Partitioning', 'Boundary Value Analysis']",['input'],Expected result basis: Invalid input is rejected and no invalid Todo is created
COV-150,REQ-TODO-042,Validate condition: Todo text is empty,Condition,Medium,['Decision Table Testing'],['condition'],Expected result basis: Invalid input is rejected and no invalid Todo is created
COV-151,REQ-TODO-043,Verify core behavior: The system shall hide the todo list container when there are no todo items.,Functional,Medium,['Equivalence Partitioning'],['core'],
COV-152,REQ-TODO-043,Test input field 'Todo text' with valid and invalid data,Input,Medium,"['Equivalence Partitioning', 'Boundary Value Analysis']",['input'],
COV-153,REQ-TODO-044,Verify core behavior: The system shall show the todo list container when at least one item exists.,Functional,Medium,['Equivalence Partitioning'],['core'],
COV-154,REQ-TODO-044,Test input field 'Todo text' with valid and invalid data,Input,Medium,"['Equivalence Partitioning', 'Boundary Value Analysis']",['input'],
COV-155,REQ-TODO-044,Validate condition: Todo exists,Condition,Medium,['Decision Table Testing'],['condition'],
COV-156,REQ-TODO-045,Verify core behavior: Display Todo list,Functional,Medium,['Equivalence Partitioning'],['core'],
COV-157,REQ-TODO-045,Test input field 'Todo text' with valid and invalid data,Input,Medium,"['Equivalence Partitioning', 'Boundary Value Analysis']",['input'],
COV-158,REQ-TODO-046,Verify core behavior: The system shall preserve readable spacing between todo items.,Functional,Low,['Equivalence Partitioning'],['core'],
COV-159,REQ-TODO-046,Test input field 'Todo text' with valid and invalid data,Input,Low,"['Equivalence Partitioning', 'Boundary Value Analysis']",['input'],
COV-160,REQ-TODO-047,Verify core behavior: The user shall be able to view all todo items.,Functional,Medium,['Equivalence Partitioning'],['core'],
COV-161,REQ-TODO-047,Test input field 'Todo text' with valid and invalid data,Input,Medium,"['Equivalence Partitioning', 'Boundary Value Analysis']",['input'],
COV-162,REQ-TODO-048,Verify core behavior: The user shall be able to view only active todo items.,Functional,Medium,['Equivalence Partitioning'],['core'],
COV-163,REQ-TODO-048,Test input field 'Todo text' with valid and invalid data,Input,Medium,"['Equivalence Partitioning', 'Boundary Value Analysis']",['input'],
COV-164,REQ-TODO-049,Verify core behavior: Mark Todo as completed,Functional,Medium,['Equivalence Partitioning'],['core'],Expected result basis: The Todo completion state is updated
COV-165,REQ-TODO-049,Test input field 'Todo text' with valid and invalid data,Input,Medium,"['Equivalence Partitioning', 'Boundary Value Analysis']",['input'],Expected result basis: The Todo completion state is updated
COV-166,REQ-TODO-049,Validate condition: Todo is completed,Condition,Medium,['Decision Table Testing'],['condition'],Expected result basis: The Todo completion state is updated
COV-167,REQ-TODO-050,Verify core behavior: The system shall keep the selected filter visible to the user.,Functional,Medium,['Equivalence Partitioning'],['core'],
COV-168,REQ-TODO-051,Verify core behavior: The system shall update the active filter view after a todo item changes state.,Functional,Medium,['Equivalence Partitioning'],['core'],
COV-169,REQ-TODO-051,Test input field 'Todo text' with valid and invalid data,Input,Medium,"['Equivalence Partitioning', 'Boundary Value Analysis']",['input'],
COV-170,REQ-TODO-052,Verify core behavior: Mark Todo as completed,Functional,Medium,['Equivalence Partitioning'],['core'],Expected result basis: The Todo completion state is updated
COV-171,REQ-TODO-052,Test input field 'Todo text' with valid and invalid data,Input,Medium,"['Equivalence Partitioning', 'Boundary Value Analysis']",['input'],Expected result basis: The Todo completion state is updated
COV-172,REQ-TODO-052,Validate condition: Todo is completed,Condition,Medium,['Decision Table Testing'],['condition'],Expected result basis: The Todo completion state is updated
COV-173,REQ-TODO-053,Verify core behavior: The system shall show an empty filtered view when no item matches the selected filter.,Functional,Low,['Equivalence Partitioning'],['core'],Expected result basis: Invalid input is rejected and no invalid Todo is created
COV-174,REQ-TODO-053,Test input field 'Todo text' with valid and invalid data,Input,Low,"['Equivalence Partitioning', 'Boundary Value Analysis']",['input'],Expected result basis: Invalid input is rejected and no invalid Todo is created
COV-175,REQ-TODO-053,Validate condition: Todo text is empty,Condition,Low,['Decision Table Testing'],['condition'],Expected result basis: Invalid input is rejected and no invalid Todo is created
COV-176,REQ-TODO-054,Verify core behavior: The system shall preserve the selected filter after deleting a todo item.,Functional,Medium,['Equivalence Partitioning'],['core'],
COV-177,REQ-TODO-054,Test input field 'Todo text' with valid and invalid data,Input,Medium,"['Equivalence Partitioning', 'Boundary Value Analysis']",['input'],
COV-178,REQ-TODO-055,Verify core behavior: Display Todo list,Functional,Low,['Equivalence Partitioning'],['core'],
COV-179,REQ-TODO-055,Test input field 'Todo text' with valid and invalid data,Input,Low,"['Equivalence Partitioning', 'Boundary Value Analysis']",['input'],
COV-180,REQ-TODO-056,Verify core behavior: Mark Todo as completed,Functional,Low,['Equivalence Partitioning'],['core'],Expected result basis: The Todo completion state is updated
COV-181,REQ-TODO-056,Test input field 'Todo text' with valid and invalid data,Input,Low,"['Equivalence Partitioning', 'Boundary Value Analysis']",['input'],Expected result basis: The Todo completion state is updated
COV-182,REQ-TODO-056,Validate condition: Todo is completed,Condition,Low,['Decision Table Testing'],['condition'],Expected result basis: The Todo completion state is updated
COV-183,REQ-TODO-057,Verify core behavior: Create Todo,Functional,Low,['Equivalence Partitioning'],['core'],Expected result basis: A valid Todo is created and displayed
COV-184,REQ-TODO-057,Test input field 'Todo text' with valid and invalid data,Input,Low,"['Equivalence Partitioning', 'Boundary Value Analysis']",['input'],Expected result basis: A valid Todo is created and displayed
COV-185,REQ-TODO-058,Verify core behavior: Mark Todo as completed,Functional,Low,['Equivalence Partitioning'],['core'],Expected result basis: The Todo completion state is updated
COV-186,REQ-TODO-058,Test input field 'Todo text' with valid and invalid data,Input,Low,"['Equivalence Partitioning', 'Boundary Value Analysis']",['input'],Expected result basis: The Todo completion state is updated
COV-187,REQ-TODO-058,Validate condition: Todo is completed,Condition,Low,['Decision Table Testing'],['condition'],Expected result basis: The Todo completion state is updated
COV-188,REQ-TODO-059,Verify core behavior: Mark Todo as completed,Functional,Low,['Equivalence Partitioning'],['core'],Expected result basis: The Todo completion state is updated
COV-189,REQ-TODO-059,Test input field 'Todo text' with valid and invalid data,Input,Low,"['Equivalence Partitioning', 'Boundary Value Analysis']",['input'],Expected result basis: The Todo completion state is updated
COV-190,REQ-TODO-059,Validate condition: Todo is completed,Condition,Low,['Decision Table Testing'],['condition'],Expected result basis: The Todo completion state is updated
COV-191,REQ-TODO-060,Verify core behavior: Delete Todo,Functional,Low,['Equivalence Partitioning'],['core'],Expected result basis: The selected Todo is removed from the list
COV-192,REQ-TODO-060,Test input field 'Todo text' with valid and invalid data,Input,Low,"['Equivalence Partitioning', 'Boundary Value Analysis']",['input'],Expected result basis: The selected Todo is removed from the list
COV-193,REQ-TODO-060,Validate condition: Todo exists before deletion,Condition,Low,['Decision Table Testing'],['condition'],Expected result basis: The selected Todo is removed from the list
COV-194,REQ-TODO-061,Verify core behavior: Persist Todo list,Functional,High,['Equivalence Partitioning'],['core'],Expected result basis: Todo list data is preserved as required
COV-195,REQ-TODO-061,Test input field 'Todo text' with valid and invalid data,Input,High,"['Equivalence Partitioning', 'Boundary Value Analysis']",['input'],Expected result basis: Todo list data is preserved as required
COV-196,REQ-TODO-062,Verify core behavior: Persist Todo list,Functional,High,['Equivalence Partitioning'],['core'],Expected result basis: Todo list data is preserved as required
COV-197,REQ-TODO-062,Test input field 'Todo text' with valid and invalid data,Input,High,"['Equivalence Partitioning', 'Boundary Value Analysis']",['input'],Expected result basis: Todo list data is preserved as required
COV-198,REQ-TODO-063,Verify core behavior: Persist Todo list,Functional,High,['Equivalence Partitioning'],['core'],Expected result basis: Todo list data is preserved as required
COV-199,REQ-TODO-063,Test input field 'Todo text' with valid and invalid data,Input,High,"['Equivalence Partitioning', 'Boundary Value Analysis']",['input'],Expected result basis: Todo list data is preserved as required
COV-200,REQ-TODO-064,Verify core behavior: Delete Todo,Functional,High,['Equivalence Partitioning'],['core'],Expected result basis: The selected Todo is removed from the list
COV-201,REQ-TODO-064,Test input field 'Todo text' with valid and invalid data,Input,High,"['Equivalence Partitioning', 'Boundary Value Analysis']",['input'],Expected result basis: The selected Todo is removed from the list
COV-202,REQ-TODO-064,Validate condition: Todo exists before deletion,Condition,High,['Decision Table Testing'],['condition'],Expected result basis: The selected Todo is removed from the list
COV-203,REQ-TODO-065,Verify core behavior: The system shall restore todo items from local storage on page load.,Functional,High,['Equivalence Partitioning'],['core'],
COV-204,REQ-TODO-065,Test input field 'Todo text' with valid and invalid data,Input,High,"['Equivalence Partitioning', 'Boundary Value Analysis']",['input'],
COV-205,REQ-TODO-066,Verify core behavior: Refresh page,Functional,Medium,['Equivalence Partitioning'],['core'],Expected result basis: Todo list data is preserved as required
COV-206,REQ-TODO-066,Validate condition: Page is refreshed,Condition,Medium,['Decision Table Testing'],['condition'],Expected result basis: Todo list data is preserved as required
COV-207,REQ-TODO-067,Verify core behavior: The system shall handle missing local storage data without crashing.,Functional,Medium,['Equivalence Partitioning'],['core'],
COV-208,REQ-TODO-068,Verify core behavior: The system shall handle corrupted local storage data by starting with an empty list.,Functional,Medium,['Equivalence Partitioning'],['core'],Expected result basis: Invalid input is rejected and no invalid Todo is created
COV-209,REQ-TODO-068,Validate condition: Todo text is empty,Condition,Medium,['Decision Table Testing'],['condition'],Expected result basis: Invalid input is rejected and no invalid Todo is created
COV-210,REQ-TODO-069,Verify core behavior: The system shall reject todo text longer than 100 characters.,Functional,Medium,['Equivalence Partitioning'],['core'],Expected result basis: Invalid input is rejected and no invalid Todo is created
COV-211,REQ-TODO-069,Test input field 'Todo text' with valid and invalid data,Input,Medium,"['Equivalence Partitioning', 'Boundary Value Analysis']",['input'],Expected result basis: Invalid input is rejected and no invalid Todo is created
COV-212,REQ-TODO-069,Test data range and boundaries: 100 characters,Boundary,Medium,"['Boundary Value Analysis', 'Equivalence Partitioning']",['boundary'],Expected result basis: Invalid input is rejected and no invalid Todo is created
COV-213,REQ-TODO-070,Verify core behavior: The system shall accept todo text with exactly 100 characters.,Functional,Low,['Equivalence Partitioning'],['core'],
COV-214,REQ-TODO-070,Test input field 'Todo text' with valid and invalid data,Input,Low,"['Equivalence Partitioning', 'Boundary Value Analysis']",['input'],
COV-215,REQ-TODO-070,Test data range and boundaries: 100 characters,Boundary,Low,"['Boundary Value Analysis', 'Equivalence Partitioning']",['boundary'],
COV-216,REQ-TODO-071,Verify core behavior: The system shall accept todo text with exactly 1 character.,Functional,Low,['Equivalence Partitioning'],['core'],
COV-217,REQ-TODO-071,Test input field 'Todo text' with valid and invalid data,Input,Low,"['Equivalence Partitioning', 'Boundary Value Analysis']",['input'],
COV-218,REQ-TODO-071,Test data range and boundaries: 1 character,Boundary,Low,"['Boundary Value Analysis', 'Equivalence Partitioning']",['boundary'],
COV-219,REQ-TODO-072,Verify core behavior: The system shall reject todo text with zero characters.,Functional,Medium,['Equivalence Partitioning'],['core'],Expected result basis: Invalid input is rejected and no invalid Todo is created
COV-220,REQ-TODO-072,Test input field 'Todo text' with valid and invalid data,Input,Medium,"['Equivalence Partitioning', 'Boundary Value Analysis']",['input'],Expected result basis: Invalid input is rejected and no invalid Todo is created
COV-221,REQ-TODO-073,Verify core behavior: The system shall reject blank todo input after whitespace trimming.,Functional,Medium,['Equivalence Partitioning'],['core'],Expected result basis: Invalid input is rejected and no invalid Todo is created
COV-222,REQ-TODO-073,Test input field 'Todo text' with valid and invalid data,Input,Medium,"['Equivalence Partitioning', 'Boundary Value Analysis']",['input'],Expected result basis: Invalid input is rejected and no invalid Todo is created
COV-223,REQ-TODO-074,Verify core behavior: Display Todo list,Functional,Medium,['Equivalence Partitioning'],['core'],
COV-224,REQ-TODO-074,Test input field 'Todo text' with valid and invalid data,Input,Medium,"['Equivalence Partitioning', 'Boundary Value Analysis']",['input'],
COV-225,REQ-TODO-075,Verify core behavior: Delete Todo,Functional,Low,['Equivalence Partitioning'],['core'],Expected result basis: The selected Todo is removed from the list
COV-226,REQ-TODO-075,Test input field 'Todo text' with valid and invalid data,Input,Low,"['Equivalence Partitioning', 'Boundary Value Analysis']",['input'],Expected result basis: The selected Todo is removed from the list
COV-227,REQ-TODO-076,Verify core behavior: system prevents duplicate,Functional,Medium,['Equivalence Partitioning'],['core'],Expected result basis: no duplicate created
COV-228,REQ-TODO-076,Test input field 'Enter key press' with valid and invalid data,Input,Medium,"['Equivalence Partitioning', 'Boundary Value Analysis']",['input'],Expected result basis: no duplicate created
COV-229,REQ-TODO-076,Validate condition: duplicate submission prevention,Condition,Medium,['Decision Table Testing'],['condition'],Expected result basis: no duplicate created
COV-230,REQ-TODO-076,Test data range and boundaries: repeated presses,Boundary,Medium,"['Boundary Value Analysis', 'Equivalence Partitioning']",['boundary'],Expected result basis: no duplicate created
COV-231,REQ-TODO-077,Verify core behavior: all items selected,Functional,Low,['Equivalence Partitioning'],['core'],Expected result basis: all items checked
COV-232,REQ-TODO-077,Test input field 'select all action' with valid and invalid data,Input,Low,"['Equivalence Partitioning', 'Boundary Value Analysis']",['input'],Expected result basis: all items checked
COV-233,REQ-TODO-077,Validate condition: user selects all,Condition,Low,['Decision Table Testing'],['condition'],Expected result basis: all items checked
COV-234,REQ-TODO-078,Verify core behavior: all items unselected,Functional,Low,['Equivalence Partitioning'],['core'],Expected result basis: no items checked
COV-235,REQ-TODO-078,Test input field 'unselect all action' with valid and invalid data,Input,Low,"['Equivalence Partitioning', 'Boundary Value Analysis']",['input'],Expected result basis: no items checked
COV-236,REQ-TODO-078,Validate condition: user unselects all,Condition,Low,['Decision Table Testing'],['condition'],Expected result basis: no items checked
COV-237,REQ-TODO-079,Verify core behavior: selected items removed,Functional,Medium,['Equivalence Partitioning'],['core'],Expected result basis: items deleted
COV-238,REQ-TODO-079,Test input field 'delete selected action' with valid and invalid data,Input,Medium,"['Equivalence Partitioning', 'Boundary Value Analysis']",['input'],Expected result basis: items deleted
COV-239,REQ-TODO-079,Validate condition: user deletes selected,Condition,Medium,['Decision Table Testing'],['condition'],Expected result basis: items deleted
COV-240,REQ-TODO-079,Test data range and boundaries: selected items exist,Boundary,Medium,"['Boundary Value Analysis', 'Equivalence Partitioning']",['boundary'],Expected result basis: items deleted
COV-241,REQ-TODO-080,Verify core behavior: selected items completed,Functional,Medium,['Equivalence Partitioning'],['core'],Expected result basis: items marked done
COV-242,REQ-TODO-080,Test input field 'mark completed action' with valid and invalid data,Input,Medium,"['Equivalence Partitioning', 'Boundary Value Analysis']",['input'],Expected result basis: items marked done
COV-243,REQ-TODO-080,Validate condition: user marks completed,Condition,Medium,['Decision Table Testing'],['condition'],Expected result basis: items marked done
COV-244,REQ-TODO-080,Test data range and boundaries: selected items exist,Boundary,Medium,"['Boundary Value Analysis', 'Equivalence Partitioning']",['boundary'],Expected result basis: items marked done
COV-245,REQ-TODO-081,Verify core behavior: selected items active,Functional,Medium,['Equivalence Partitioning'],['core'],Expected result basis: items marked undone
COV-246,REQ-TODO-081,Test input field 'mark active action' with valid and invalid data,Input,Medium,"['Equivalence Partitioning', 'Boundary Value Analysis']",['input'],Expected result basis: items marked undone
COV-247,REQ-TODO-081,Validate condition: user marks active,Condition,Medium,['Decision Table Testing'],['condition'],Expected result basis: items marked undone
COV-248,REQ-TODO-081,Test data range and boundaries: selected items exist,Boundary,Medium,"['Boundary Value Analysis', 'Equivalence Partitioning']",['boundary'],Expected result basis: items marked undone
COV-249,REQ-TODO-082,Verify core behavior: counts recalculated,Functional,Low,['Equivalence Partitioning'],['core'],Expected result basis: correct counts shown
COV-250,REQ-TODO-082,Test input field 'bulk operation performed' with valid and invalid data,Input,Low,"['Equivalence Partitioning', 'Boundary Value Analysis']",['input'],Expected result basis: correct counts shown
COV-251,REQ-TODO-082,Validate condition: system updates counts,Condition,Low,['Decision Table Testing'],['condition'],Expected result basis: correct counts shown
COV-252,REQ-TODO-083,Verify core behavior: system filters items,Functional,Medium,['Equivalence Partitioning'],['core'],Expected result basis: matching items shown
COV-253,REQ-TODO-083,Test input field 'search input' with valid and invalid data,Input,Medium,"['Equivalence Partitioning', 'Boundary Value Analysis']",['input'],Expected result basis: matching items shown
COV-254,REQ-TODO-083,Validate condition: user searches,Condition,Medium,['Decision Table Testing'],['condition'],Expected result basis: matching items shown
COV-255,REQ-TODO-083,Test data range and boundaries: text entered,Boundary,Medium,"['Boundary Value Analysis', 'Equivalence Partitioning']",['boundary'],Expected result basis: matching items shown
COV-256,REQ-TODO-084,Verify core behavior: matching items displayed,Functional,Medium,['Equivalence Partitioning'],['core'],Expected result basis: filtered list shown
COV-257,REQ-TODO-084,Test input field 'search term' with valid and invalid data,Input,Medium,"['Equivalence Partitioning', 'Boundary Value Analysis']",['input'],Expected result basis: filtered list shown
COV-258,REQ-TODO-084,Validate condition: system shows matches,Condition,Medium,['Decision Table Testing'],['condition'],Expected result basis: filtered list shown
COV-259,REQ-TODO-084,Test data range and boundaries: matching items exist,Boundary,Medium,"['Boundary Value Analysis', 'Equivalence Partitioning']",['boundary'],Expected result basis: filtered list shown
COV-260,REQ-TODO-085,Verify core behavior: empty result message,Functional,Low,['Equivalence Partitioning'],['core'],Expected result basis: message displayed
COV-261,REQ-TODO-085,Test input field 'search term' with valid and invalid data,Input,Low,"['Equivalence Partitioning', 'Boundary Value Analysis']",['input'],Expected result basis: message displayed
COV-262,REQ-TODO-085,Validate condition: system shows message,Condition,Low,['Decision Table Testing'],['condition'],Expected result basis: message displayed
COV-263,REQ-TODO-085,Test data range and boundaries: no matches,Boundary,Low,"['Boundary Value Analysis', 'Equivalence Partitioning']",['boundary'],Expected result basis: message displayed
COV-264,REQ-TODO-086,Verify core behavior: case ignored,Functional,Low,['Equivalence Partitioning'],['core'],Expected result basis: matches regardless of case
COV-265,REQ-TODO-086,Test input field 'search input' with valid and invalid data,Input,Low,"['Equivalence Partitioning', 'Boundary Value Analysis']",['input'],Expected result basis: matches regardless of case
COV-266,REQ-TODO-086,Validate condition: system performs search,Condition,Low,['Decision Table Testing'],['condition'],Expected result basis: matches regardless of case
COV-267,REQ-TODO-086,Test data range and boundaries: case insensitive,Boundary,Low,"['Boundary Value Analysis', 'Equivalence Partitioning']",['boundary'],Expected result basis: matches regardless of case
COV-268,REQ-TODO-087,Verify core behavior: search results updated,Functional,Low,['Equivalence Partitioning'],['core'],Expected result basis: edited item reflected
COV-269,REQ-TODO-087,Test input field 'todo item edited' with valid and invalid data,Input,Low,"['Equivalence Partitioning', 'Boundary Value Analysis']",['input'],Expected result basis: edited item reflected
COV-270,REQ-TODO-087,Validate condition: system updates results,Condition,Low,['Decision Table Testing'],['condition'],Expected result basis: edited item reflected
COV-271,REQ-TODO-087,Test data range and boundaries: search active,Boundary,Low,"['Boundary Value Analysis', 'Equivalence Partitioning']",['boundary'],Expected result basis: edited item reflected
COV-272,REQ-TODO-088,Verify core behavior: all items shown,Functional,Low,['Equivalence Partitioning'],['core'],Expected result basis: full list restored
COV-273,REQ-TODO-088,Test input field 'search input cleared' with valid and invalid data,Input,Low,"['Equivalence Partitioning', 'Boundary Value Analysis']",['input'],Expected result basis: full list restored
COV-274,REQ-TODO-088,Validate condition: system clears results,Condition,Low,['Decision Table Testing'],['condition'],Expected result basis: full list restored
COV-275,REQ-TODO-089,Verify core behavior: todo input focused,Functional,Medium,['Equivalence Partitioning'],['core'],Expected result basis: input has focus
COV-276,REQ-TODO-089,Test input field 'keyboard navigation' with valid and invalid data,Input,Medium,"['Equivalence Partitioning', 'Boundary Value Analysis']",['input'],Expected result basis: input has focus
COV-277,REQ-TODO-089,Validate condition: user focuses input,Condition,Medium,['Decision Table Testing'],['condition'],Expected result basis: input has focus
COV-278,REQ-TODO-090,Verify core behavior: focus moves between items,Functional,Medium,['Equivalence Partitioning'],['core'],Expected result basis: next item focused
COV-279,REQ-TODO-090,Test input field 'Tab key' with valid and invalid data,Input,Medium,"['Equivalence Partitioning', 'Boundary Value Analysis']",['input'],Expected result basis: next item focused
COV-280,REQ-TODO-090,Validate condition: user moves focus,Condition,Medium,['Decision Table Testing'],['condition'],Expected result basis: next item focused
COV-281,REQ-TODO-091,Verify core behavior: completion toggled,Functional,Medium,['Equivalence Partitioning'],['core'],Expected result basis: state changed
COV-282,REQ-TODO-091,Test input field 'Space key' with valid and invalid data,Input,Medium,"['Equivalence Partitioning', 'Boundary Value Analysis']",['input'],Expected result basis: state changed
COV-283,REQ-TODO-091,Validate condition: user toggles item,Condition,Medium,['Decision Table Testing'],['condition'],Expected result basis: state changed
COV-284,REQ-TODO-091,Test data range and boundaries: item focused,Boundary,Medium,"['Boundary Value Analysis', 'Equivalence Partitioning']",['boundary'],Expected result basis: state changed
COV-285,REQ-TODO-092,Verify core behavior: item removed,Functional,Medium,['Equivalence Partitioning'],['core'],Expected result basis: item deleted
COV-286,REQ-TODO-092,Test input field 'keyboard shortcut' with valid and invalid data,Input,Medium,"['Equivalence Partitioning', 'Boundary Value Analysis']",['input'],Expected result basis: item deleted
COV-287,REQ-TODO-092,Validate condition: user deletes item,Condition,Medium,['Decision Table Testing'],['condition'],Expected result basis: item deleted
COV-288,REQ-TODO-092,Test data range and boundaries: item focused,Boundary,Medium,"['Boundary Value Analysis', 'Equivalence Partitioning']",['boundary'],Expected result basis: item deleted
COV-289,REQ-TODO-093,Verify core behavior: accessible labels present,Functional,Medium,['Equivalence Partitioning'],['core'],Expected result basis: labels announced
COV-290,REQ-TODO-093,Test input field 'todo input controls' with valid and invalid data,Input,Medium,"['Equivalence Partitioning', 'Boundary Value Analysis']",['input'],Expected result basis: labels announced
COV-291,REQ-TODO-093,Validate condition: system provides labels,Condition,Medium,['Decision Table Testing'],['condition'],Expected result basis: labels announced
COV-292,REQ-TODO-094,Verify core behavior: state to screen reader,Functional,Medium,['Equivalence Partitioning'],['core'],Expected result basis: state announced
COV-293,REQ-TODO-094,Test input field 'completion state' with valid and invalid data,Input,Medium,"['Equivalence Partitioning', 'Boundary Value Analysis']",['input'],Expected result basis: state announced
COV-294,REQ-TODO-094,Validate condition: system exposes state,Condition,Medium,['Decision Table Testing'],['condition'],Expected result basis: state announced
COV-295,REQ-TODO-095,Verify core behavior: sufficient contrast,Functional,Medium,['Equivalence Partitioning'],['core'],Expected result basis: contrast ratio met
COV-296,REQ-TODO-095,Test input field 'status indicators' with valid and invalid data,Input,Medium,"['Equivalence Partitioning', 'Boundary Value Analysis']",['input'],Expected result basis: contrast ratio met
COV-297,REQ-TODO-095,Validate condition: system ensures contrast,Condition,Medium,['Decision Table Testing'],['condition'],Expected result basis: contrast ratio met
COV-298,REQ-TODO-096,Verify core behavior: focus indicator shown,Functional,Medium,['Equivalence Partitioning'],['core'],Expected result basis: focus visible
COV-299,REQ-TODO-096,Test input field 'keyboard navigation' with valid and invalid data,Input,Medium,"['Equivalence Partitioning', 'Boundary Value Analysis']",['input'],Expected result basis: focus visible
COV-300,REQ-TODO-096,Validate condition: system keeps focus visible,Condition,Medium,['Decision Table Testing'],['condition'],Expected result basis: focus visible
COV-301,REQ-TODO-097,Verify core behavior: text sanitized,Functional,High,['Equivalence Partitioning'],['core'],Expected result basis: safe output
COV-302,REQ-TODO-097,Test input field 'todo text' with valid and invalid data,Input,High,"['Equivalence Partitioning', 'Boundary Value Analysis']",['input'],Expected result basis: safe output
COV-303,REQ-TODO-097,Validate condition: system sanitizes text,Condition,High,['Decision Table Testing'],['condition'],Expected result basis: safe output
COV-304,REQ-TODO-098,Verify core behavior: script not executed,Functional,High,['Equivalence Partitioning'],['core'],Expected result basis: no script run
COV-305,REQ-TODO-098,Test input field 'todo text' with valid and invalid data,Input,High,"['Equivalence Partitioning', 'Boundary Value Analysis']",['input'],Expected result basis: no script run
COV-306,REQ-TODO-098,Validate condition: system prevents execution,Condition,High,['Decision Table Testing'],['condition'],Expected result basis: no script run
COV-307,REQ-TODO-098,Test data range and boundaries: script present,Boundary,High,"['Boundary Value Analysis', 'Equivalence Partitioning']",['boundary'],Expected result basis: no script run
COV-308,REQ-TODO-099,Verify core behavior: no credentials stored,Functional,Medium,['Equivalence Partitioning'],['core'],Expected result basis: metadata safe
COV-309,REQ-TODO-099,Test input field 'todo text metadata' with valid and invalid data,Input,Medium,"['Equivalence Partitioning', 'Boundary Value Analysis']",['input'],Expected result basis: metadata safe
COV-310,REQ-TODO-099,Validate condition: system does not store,Condition,Medium,['Decision Table Testing'],['condition'],Expected result basis: metadata safe
COV-311,REQ-TODO-100,Verify core behavior: access denied,Functional,High,['Equivalence Partitioning'],['core'],Expected result basis: unauthorized blocked
COV-312,REQ-TODO-100,Test input field 'admin features' with valid and invalid data,Input,High,"['Equivalence Partitioning', 'Boundary Value Analysis']",['input'],Expected result basis: unauthorized blocked
COV-313,REQ-TODO-100,Validate condition: system prevents access,Condition,High,['Decision Table Testing'],['condition'],Expected result basis: unauthorized blocked
COV-314,REQ-TODO-100,Test data range and boundaries: unauthorized access,Boundary,High,"['Boundary Value Analysis', 'Equivalence Partitioning']",['boundary'],Expected result basis: unauthorized blocked
COV-AI-001,REQ-TODO-003,Test error when text exceeds 100 characters,Error,Medium,['Error Guessing'],['llm-suggested'],Missing error and state transition coverage for several requirements.
COV-AI-002,REQ-TODO-008,Test persistence after refresh with multiple items,State Transition,Medium,['State Transition Testing'],['llm-suggested'],Missing error and state transition coverage for several requirements.
COV-AI-003,REQ-TODO-009,Test error when Enter pressed with empty text,Error,Medium,['Error Guessing'],['llm-suggested'],Missing error and state transition coverage for several requirements.
COV-AI-004,REQ-TODO-010,Test error when text has only spaces after trim,Error,Medium,['Error Guessing'],['llm-suggested'],Missing error and state transition coverage for several requirements.
COV-AI-005,REQ-TODO-015,Test error when editing active todo with invalid text,Error,Medium,['Error Guessing'],['llm-suggested'],Missing error and state transition coverage for several requirements.
COV-AI-006,REQ-TODO-016,Test error when editing completed todo with invalid text,Error,Medium,['Error Guessing'],['llm-suggested'],Missing error and state transition coverage for several requirements.
COV-AI-007,REQ-TODO-017,Test error when saving edit with invalid text,Error,Medium,['Error Guessing'],['llm-suggested'],Missing error and state transition coverage for several requirements.
COV-AI-008,REQ-TODO-018,Test error when canceling edit with unsaved changes,Error,Medium,['Error Guessing'],['llm-suggested'],Missing error and state transition coverage for several requirements.
COV-AI-009,REQ-TODO-019,Test error when editing with empty text,Error,Medium,['Error Guessing'],['llm-suggested'],Missing error and state transition coverage for several requirements.
COV-AI-010,REQ-TODO-020,Test error when editing with text exceeding 100 characters,Error,Medium,['Error Guessing'],['llm-suggested'],Missing error and state transition coverage for several requirements.
COV-AI-011,REQ-TODO-021,Test state transition after editing completed todo,State Transition,Medium,['State Transition Testing'],['llm-suggested'],Missing error and state transition coverage for several requirements.
COV-AI-012,REQ-TODO-022,Test error when display fails after edit,Error,Medium,['Error Guessing'],['llm-suggested'],Missing error and state transition coverage for several requirements.
COV-AI-013,REQ-TODO-023,Test state transition when marking all active as completed,State Transition,Medium,['State Transition Testing'],['llm-suggested'],Missing error and state transition coverage for several requirements.
COV-AI-014,REQ-TODO-024,Test state transition when marking all completed as active,State Transition,Medium,['State Transition Testing'],['llm-suggested'],Missing error and state transition coverage for several requirements.
COV-AI-015,REQ-TODO-025,Test state transition immediately after toggle,State Transition,Medium,['State Transition Testing'],['llm-suggested'],Missing error and state transition coverage for several requirements.
COV-AI-016,REQ-TODO-026,Toggle completion on item with empty text,Boundary,Medium,['Boundary Value Analysis'],['llm-suggested'],"Identified 26 missing coverage items focusing on boundary, state transition, and error scenarios not covered by existing tests."
COV-AI-017,REQ-TODO-027,Count update after toggle from active to completed,State Transition,Medium,['State Transition Testing'],['llm-suggested'],"Identified 26 missing coverage items focusing on boundary, state transition, and error scenarios not covered by existing tests."
COV-AI-018,REQ-TODO-028,Count update after toggle from completed to active,State Transition,Medium,['State Transition Testing'],['llm-suggested'],"Identified 26 missing coverage items focusing on boundary, state transition, and error scenarios not covered by existing tests."
COV-AI-019,REQ-TODO-029,Repeated toggle between active and completed,State Transition,Medium,['State Transition Testing'],['llm-suggested'],"Identified 26 missing coverage items focusing on boundary, state transition, and error scenarios not covered by existing tests."
COV-AI-020,REQ-TODO-030,Completed style on item with very long text,Boundary,Medium,['Boundary Value Analysis'],['llm-suggested'],"Identified 26 missing coverage items focusing on boundary, state transition, and error scenarios not covered by existing tests."
COV-AI-021,REQ-TODO-031,Delete non-existent active todo,Error,Medium,['Error Guessing'],['llm-suggested'],"Identified 26 missing coverage items focusing on boundary, state transition, and error scenarios not covered by existing tests."
COV-AI-022,REQ-TODO-032,Delete non-existent completed todo,Error,Medium,['Error Guessing'],['llm-suggested'],"Identified 26 missing coverage items focusing on boundary, state transition, and error scenarios not covered by existing tests."
COV-AI-023,REQ-TODO-033,Item removed from active filter after deletion,State Transition,Medium,['State Transition Testing'],['llm-suggested'],"Identified 26 missing coverage items focusing on boundary, state transition, and error scenarios not covered by existing tests."
COV-AI-024,REQ-TODO-034,Count update after deleting last item,Boundary,Medium,['Boundary Value Analysis'],['llm-suggested'],"Identified 26 missing coverage items focusing on boundary, state transition, and error scenarios not covered by existing tests."
COV-AI-025,REQ-TODO-035,Delete item while another is being deleted,Error,Medium,['Error Guessing'],['llm-suggested'],"Identified 26 missing coverage items focusing on boundary, state transition, and error scenarios not covered by existing tests."
COV-AI-026,REQ-TODO-036,Delete last remaining item with long text,Boundary,Medium,['Boundary Value Analysis'],['llm-suggested'],"Identified 26 missing coverage items focusing on boundary, state transition, and error scenarios not covered by existing tests."
COV-AI-027,REQ-TODO-037,Empty list state after deleting all items,State Transition,Medium,['State Transition Testing'],['llm-suggested'],"Identified 26 missing coverage items focusing on boundary, state transition, and error scenarios not covered by existing tests."
COV-AI-028,REQ-TODO-038,Clear all completed with zero completed items,Boundary,Medium,['Boundary Value Analysis'],['llm-suggested'],"Identified 26 missing coverage items focusing on boundary, state transition, and error scenarios not covered by existing tests."
COV-AI-029,REQ-TODO-039,Active style on item with very long text,Boundary,Medium,['Boundary Value Analysis'],['llm-suggested'],"Identified 26 missing coverage items focusing on boundary, state transition, and error scenarios not covered by existing tests."
COV-AI-030,REQ-TODO-040,Completed style on item with special characters,Boundary,Medium,['Boundary Value Analysis'],['llm-suggested'],"Identified 26 missing coverage items focusing on boundary, state transition, and error scenarios not covered by existing tests."
COV-AI-031,REQ-TODO-041,Order after adding items with same creation time,Boundary,Medium,['Boundary Value Analysis'],['llm-suggested'],"Identified 26 missing coverage items focusing on boundary, state transition, and error scenarios not covered by existing tests."
COV-AI-032,REQ-TODO-042,Empty state message with zero items after deletion,Boundary,Medium,['Boundary Value Analysis'],['llm-suggested'],"Identified 26 missing coverage items focusing on boundary, state transition, and error scenarios not covered by existing tests."
COV-AI-033,REQ-TODO-043,Hide container after deleting last item,State Transition,Medium,['State Transition Testing'],['llm-suggested'],"Identified 26 missing coverage items focusing on boundary, state transition, and error scenarios not covered by existing tests."
COV-AI-034,REQ-TODO-044,Show container after adding first item,State Transition,Medium,['State Transition Testing'],['llm-suggested'],"Identified 26 missing coverage items focusing on boundary, state transition, and error scenarios not covered by existing tests."
COV-AI-035,REQ-TODO-045,Long text with maximum allowed characters,Boundary,Medium,['Boundary Value Analysis'],['llm-suggested'],"Identified 26 missing coverage items focusing on boundary, state transition, and error scenarios not covered by existing tests."
COV-AI-036,REQ-TODO-046,Spacing between items with varying text lengths,Boundary,Medium,['Boundary Value Analysis'],['llm-suggested'],"Identified 26 missing coverage items focusing on boundary, state transition, and error scenarios not covered by existing tests."
COV-AI-037,REQ-TODO-047,View all after switching from active filter,State Transition,Medium,['State Transition Testing'],['llm-suggested'],"Identified 26 missing coverage items focusing on boundary, state transition, and error scenarios not covered by existing tests."
COV-AI-038,REQ-TODO-048,View active after switching from completed filter,State Transition,Medium,['State Transition Testing'],['llm-suggested'],"Identified 26 missing coverage items focusing on boundary, state transition, and error scenarios not covered by existing tests."
COV-AI-039,REQ-TODO-049,View completed after switching from active filter,State Transition,Medium,['State Transition Testing'],['llm-suggested'],"Identified 26 missing coverage items focusing on boundary, state transition, and error scenarios not covered by existing tests."
COV-AI-040,REQ-TODO-050,Filter remains visible after toggling item completion,State Transition,Medium,['State Transition Testing'],['llm-suggested'],"Identified 26 missing coverage items focusing on boundary, state transition, and error scenarios not covered by existing tests."
COV-AI-041,REQ-TODO-051,Missing test for state change from active to completed while filter is active,State Transition,Medium,['State Transition Testing'],['llm-suggested'],"Missing coverage identified for state transitions, error handling, boundary values, and functional edge cases."
COV-AI-042,REQ-TODO-052,Missing test for state change from completed to active while filter is active,State Transition,Medium,['State Transition Testing'],['llm-suggested'],"Missing coverage identified for state transitions, error handling, boundary values, and functional edge cases."
COV-AI-043,REQ-TODO-053,Missing test for empty filter view when filter is applied and no items match,Error,Medium,['Error Guessing'],['llm-suggested'],"Missing coverage identified for state transitions, error handling, boundary values, and functional edge cases."
COV-AI-044,REQ-TODO-054,Missing test for filter preservation after deleting last item in filtered view,State Transition,Medium,['State Transition Testing'],['llm-suggested'],"Missing coverage identified for state transitions, error handling, boundary values, and functional edge cases."
COV-AI-045,REQ-TODO-055,Missing test for active count display when multiple items exist,Functional,Medium,['Equivalence Partitioning'],['llm-suggested'],"Missing coverage identified for state transitions, error handling, boundary values, and functional edge cases."
COV-AI-046,REQ-TODO-056,Missing test for zero active count when all todos are completed,Functional,Medium,['Equivalence Partitioning'],['llm-suggested'],"Missing coverage identified for state transitions, error handling, boundary values, and functional edge cases."
COV-AI-047,REQ-TODO-057,Missing test for active count increase on creation of active todo,Functional,Medium,['Equivalence Partitioning'],['llm-suggested'],"Missing coverage identified for state transitions, error handling, boundary values, and functional edge cases."
COV-AI-048,REQ-TODO-058,Missing test for active count decrease on completion of active todo,Functional,Medium,['Equivalence Partitioning'],['llm-suggested'],"Missing coverage identified for state transitions, error handling, boundary values, and functional edge cases."
COV-AI-049,REQ-TODO-059,Missing test for active count increase when completed todo becomes active,Functional,Medium,['Equivalence Partitioning'],['llm-suggested'],"Missing coverage identified for state transitions, error handling, boundary values, and functional edge cases."
COV-AI-050,REQ-TODO-060,Missing test for active count decrease on deletion of active todo,Functional,Medium,['Equivalence Partitioning'],['llm-suggested'],"Missing coverage identified for state transitions, error handling, boundary values, and functional edge cases."
COV-AI-051,REQ-TODO-061,Missing test for local storage save failure handling,Error,Medium,['Error Guessing'],['llm-suggested'],"Missing coverage identified for state transitions, error handling, boundary values, and functional edge cases."
COV-AI-052,REQ-TODO-062,Missing test for local storage save failure on completion state,Error,Medium,['Error Guessing'],['llm-suggested'],"Missing coverage identified for state transitions, error handling, boundary values, and functional edge cases."
COV-AI-053,REQ-TODO-063,Missing test for local storage save failure on edit,Error,Medium,['Error Guessing'],['llm-suggested'],"Missing coverage identified for state transitions, error handling, boundary values, and functional edge cases."
COV-AI-054,REQ-TODO-064,Missing test for local storage removal failure,Error,Medium,['Error Guessing'],['llm-suggested'],"Missing coverage identified for state transitions, error handling, boundary values, and functional edge cases."
COV-AI-055,REQ-TODO-065,Missing test for local storage restore with partial data,Error,Medium,['Error Guessing'],['llm-suggested'],"Missing coverage identified for state transitions, error handling, boundary values, and functional edge cases."
COV-AI-056,REQ-TODO-066,Missing test for filter state restore when local storage is missing,Error,Medium,['Error Guessing'],['llm-suggested'],"Missing coverage identified for state transitions, error handling, boundary values, and functional edge cases."
COV-AI-057,REQ-TODO-067,Missing test for missing local storage data with multiple items,Error,Medium,['Error Guessing'],['llm-suggested'],"Missing coverage identified for state transitions, error handling, boundary values, and functional edge cases."
COV-AI-058,REQ-TODO-068,Missing test for corrupted local storage with invalid JSON,Error,Medium,['Error Guessing'],['llm-suggested'],"Missing coverage identified for state transitions, error handling, boundary values, and functional edge cases."
COV-AI-059,REQ-TODO-069,Missing test for todo text with 101 characters,Boundary,Medium,['Boundary Value Analysis'],['llm-suggested'],"Missing coverage identified for state transitions, error handling, boundary values, and functional edge cases."
COV-AI-060,REQ-TODO-070,Missing test for todo text with 99 characters,Boundary,Medium,['Boundary Value Analysis'],['llm-suggested'],"Missing coverage identified for state transitions, error handling, boundary values, and functional edge cases."
COV-AI-061,REQ-TODO-071,Missing test for todo text with 2 characters,Boundary,Medium,['Boundary Value Analysis'],['llm-suggested'],"Missing coverage identified for state transitions, error handling, boundary values, and functional edge cases."
COV-AI-062,REQ-TODO-072,Missing test for todo text with 1 character after trimming,Boundary,Medium,['Boundary Value Analysis'],['llm-suggested'],"Missing coverage identified for state transitions, error handling, boundary values, and functional edge cases."
COV-AI-063,REQ-TODO-073,Missing test for todo text with only whitespace,Boundary,Medium,['Boundary Value Analysis'],['llm-suggested'],"Missing coverage identified for state transitions, error handling, boundary values, and functional edge cases."
COV-AI-064,REQ-TODO-074,Missing test for error message display on invalid input,Error,Medium,['Error Guessing'],['llm-suggested'],"Missing coverage identified for state transitions, error handling, boundary values, and functional edge cases."
COV-AI-065,REQ-TODO-075,Missing test for validation message removal after valid input,State Transition,Medium,['State Transition Testing'],['llm-suggested'],"Missing coverage identified for state transitions, error handling, boundary values, and functional edge cases."
COV-AI-066,REQ-TODO-076,Test rapid Enter presses causing race condition,Error,Medium,['Error Guessing'],['llm-suggested'],"Identified 22 missing coverage items across requirements, focusing on error handling, state transitions, and boundary conditions not covered by existing tests."
COV-AI-067,REQ-TODO-077,Test selecting all when some items are already selected,State Transition,Medium,['State Transition Testing'],['llm-suggested'],"Identified 22 missing coverage items across requirements, focusing on error handling, state transitions, and boundary conditions not covered by existing tests."
COV-AI-068,REQ-TODO-078,Test unselecting all when no items are selected,State Transition,Medium,['State Transition Testing'],['llm-suggested'],"Identified 22 missing coverage items across requirements, focusing on error handling, state transitions, and boundary conditions not covered by existing tests."
COV-AI-069,REQ-TODO-079,Test deleting selected items when selection is empty,Error,Medium,['Error Guessing'],['llm-suggested'],"Identified 22 missing coverage items across requirements, focusing on error handling, state transitions, and boundary conditions not covered by existing tests."
COV-AI-070,REQ-TODO-080,Test marking completed when some items are already completed,State Transition,Medium,['State Transition Testing'],['llm-suggested'],"Identified 22 missing coverage items across requirements, focusing on error handling, state transitions, and boundary conditions not covered by existing tests."
COV-AI-071,REQ-TODO-081,Test marking active when some items are already active,State Transition,Medium,['State Transition Testing'],['llm-suggested'],"Identified 22 missing coverage items across requirements, focusing on error handling, state transitions, and boundary conditions not covered by existing tests."
COV-AI-072,REQ-TODO-082,Test count update failure after bulk operation,Error,Medium,['Error Guessing'],['llm-suggested'],"Identified 22 missing coverage items across requirements, focusing on error handling, state transitions, and boundary conditions not covered by existing tests."
COV-AI-073,REQ-TODO-083,Test search with special characters causing errors,Error,Medium,['Error Guessing'],['llm-suggested'],"Identified 22 missing coverage items across requirements, focusing on error handling, state transitions, and boundary conditions not covered by existing tests."
COV-AI-074,REQ-TODO-084,Test search with very long term causing truncation,Boundary,Medium,['Boundary Value Analysis'],['llm-suggested'],"Identified 22 missing coverage items across requirements, focusing on error handling, state transitions, and boundary conditions not covered by existing tests."
COV-AI-075,REQ-TODO-085,Test search with null or undefined term,Error,Medium,['Error Guessing'],['llm-suggested'],"Identified 22 missing coverage items across requirements, focusing on error handling, state transitions, and boundary conditions not covered by existing tests."
COV-AI-076,REQ-TODO-086,Test search with Unicode characters for case insensitivity,Boundary,Medium,['Boundary Value Analysis'],['llm-suggested'],"Identified 22 missing coverage items across requirements, focusing on error handling, state transitions, and boundary conditions not covered by existing tests."
COV-AI-077,REQ-TODO-087,Test search update when item edited but search term unchanged,State Transition,Medium,['State Transition Testing'],['llm-suggested'],"Identified 22 missing coverage items across requirements, focusing on error handling, state transitions, and boundary conditions not covered by existing tests."
COV-AI-078,REQ-TODO-088,Test clearing search when no search is active,State Transition,Medium,['State Transition Testing'],['llm-suggested'],"Identified 22 missing coverage items across requirements, focusing on error handling, state transitions, and boundary conditions not covered by existing tests."
COV-AI-079,REQ-TODO-089,Test keyboard focus when input is disabled,Error,Medium,['Error Guessing'],['llm-suggested'],"Identified 22 missing coverage items across requirements, focusing on error handling, state transitions, and boundary conditions not covered by existing tests."
COV-AI-080,REQ-TODO-090,Test Tab key focus at last item,Boundary,Medium,['Boundary Value Analysis'],['llm-suggested'],"Identified 22 missing coverage items across requirements, focusing on error handling, state transitions, and boundary conditions not covered by existing tests."
COV-AI-081,REQ-TODO-091,Test Space key toggle on already toggled item,State Transition,Medium,['State Transition Testing'],['llm-suggested'],"Identified 22 missing coverage items across requirements, focusing on error handling, state transitions, and boundary conditions not covered by existing tests."
COV-AI-082,REQ-TODO-092,Test delete shortcut on non-existent item,Error,Medium,['Error Guessing'],['llm-suggested'],"Identified 22 missing coverage items across requirements, focusing on error handling, state transitions, and boundary conditions not covered by existing tests."
COV-AI-083,REQ-TODO-093,Test accessible labels missing for dynamic controls,Error,Medium,['Error Guessing'],['llm-suggested'],"Identified 22 missing coverage items across requirements, focusing on error handling, state transitions, and boundary conditions not covered by existing tests."
COV-AI-084,REQ-TODO-094,Test screen reader state update failure,Error,Medium,['Error Guessing'],['llm-suggested'],"Identified 22 missing coverage items across requirements, focusing on error handling, state transitions, and boundary conditions not covered by existing tests."
COV-AI-085,REQ-TODO-095,Test color contrast at minimum threshold,Boundary,Medium,['Boundary Value Analysis'],['llm-suggested'],"Identified 22 missing coverage items across requirements, focusing on error handling, state transitions, and boundary conditions not covered by existing tests."
COV-AI-086,REQ-TODO-096,Test focus visibility when element is hidden,Error,Medium,['Error Guessing'],['llm-suggested'],"Identified 22 missing coverage items across requirements, focusing on error handling, state transitions, and boundary conditions not covered by existing tests."
COV-AI-087,REQ-TODO-097,Test sanitization with maximum length text,Boundary,Medium,['Boundary Value Analysis'],['llm-suggested'],"Identified 22 missing coverage items across requirements, focusing on error handling, state transitions, and boundary conditions not covered by existing tests."
COV-AI-088,REQ-TODO-098,Test script execution prevention with encoded scripts,Error,Medium,['Error Guessing'],['llm-suggested'],"Identified 22 missing coverage items across requirements, focusing on error handling, state transitions, and boundary conditions not covered by existing tests."
COV-AI-089,REQ-TODO-099,Test metadata storage with sensitive data patterns,Error,Medium,['Error Guessing'],['llm-suggested'],"Identified 22 missing coverage items across requirements, focusing on error handling, state transitions, and boundary conditions not covered by existing tests."
COV-AI-090,REQ-TODO-100,Test unauthorized access with expired session,Error,Medium,['Error Guessing'],['llm-suggested'],"Identified 22 missing coverage items across requirements, focusing on error handling, state transitions, and boundary conditions not covered by existing tests."
