requirement_id,requirement_text,module,coverage_id,suite_id,suite_name,coverage_description,coverage_type,related_techniques,tags,notes,technique,technique_standard,test_case_id,test_data,expected_result,priority,risk_level,coverage_risk_level,source,design_basis,llm_reason,strategy_reason,requirement_id_coverage,technique_strategy
REQ-1,Users shall be able to add a new Todo item to a specified List; input consisting only of whitespace shall not create an item,TodoItem,COV-004,TS-001,TodoItem Boundary Suite,Test data range and boundaries: whitespace only,Boundary,"['Boundary Value Analysis', 'Equivalence Partitioning']",['boundary'],Expected result basis: no item created,Boundary Value Analysis,ISTQB Foundation Level / ISO/IEC/IEEE 29119-4 boundary value analysis,TC-001,Boundary value: below lower boundary (generic lower invalid boundary),no item created,Medium,Medium,Medium,Rule fallback - BVA,Values are selected on and around identifiable or inferred boundaries.,,"Coverage item explicitly tests data range and boundaries for whitespace-only input, which is a boundary condition. BVA is appropriate.",REQ-1,Boundary Value Analysis
REQ-1,Users shall be able to add a new Todo item to a specified List; input consisting only of whitespace shall not create an item,TodoItem,COV-004,TS-001,TodoItem Boundary Suite,Test data range and boundaries: whitespace only,Boundary,"['Boundary Value Analysis', 'Equivalence Partitioning']",['boundary'],Expected result basis: no item created,Boundary Value Analysis,ISTQB Foundation Level / ISO/IEC/IEEE 29119-4 boundary value analysis,TC-002,Boundary value: on lower boundary (generic lower valid boundary),no item created,Medium,Medium,Medium,Rule fallback - BVA,Values are selected on and around identifiable or inferred boundaries.,,"Coverage item explicitly tests data range and boundaries for whitespace-only input, which is a boundary condition. BVA is appropriate.",REQ-1,Boundary Value Analysis
REQ-1,Users shall be able to add a new Todo item to a specified List; input consisting only of whitespace shall not create an item,TodoItem,COV-004,TS-001,TodoItem Boundary Suite,Test data range and boundaries: whitespace only,Boundary,"['Boundary Value Analysis', 'Equivalence Partitioning']",['boundary'],Expected result basis: no item created,Boundary Value Analysis,ISTQB Foundation Level / ISO/IEC/IEEE 29119-4 boundary value analysis,TC-003,Boundary value: above upper boundary (generic upper boundary review),no item created,Medium,Medium,Medium,Rule fallback - BVA,Values are selected on and around identifiable or inferred boundaries.,,"Coverage item explicitly tests data range and boundaries for whitespace-only input, which is a boundary condition. BVA is appropriate.",REQ-1,Boundary Value Analysis
REQ-2,Users shall be able to mark or unmark a Todo item as completed,TodoItem,COV-008,TS-001,TodoItem Boundary Suite,Test data range and boundaries: completed status,Boundary,"['Boundary Value Analysis', 'Equivalence Partitioning']",['boundary'],Expected result basis: status changed,Boundary Value Analysis,ISTQB Foundation Level / ISO/IEC/IEEE 29119-4 boundary value analysis,TC-004,Boundary value: below lower boundary (generic lower invalid boundary),status changed,Low,Low,Low,Rule fallback - BVA,Values are selected on and around identifiable or inferred boundaries.,,"Coverage item explicitly tests data range and boundaries for completed status, which is a boundary condition. BVA is appropriate.",REQ-2,Boundary Value Analysis
REQ-2,Users shall be able to mark or unmark a Todo item as completed,TodoItem,COV-008,TS-001,TodoItem Boundary Suite,Test data range and boundaries: completed status,Boundary,"['Boundary Value Analysis', 'Equivalence Partitioning']",['boundary'],Expected result basis: status changed,Boundary Value Analysis,ISTQB Foundation Level / ISO/IEC/IEEE 29119-4 boundary value analysis,TC-005,Boundary value: on lower boundary (generic lower valid boundary),status changed,Low,Low,Low,Rule fallback - BVA,Values are selected on and around identifiable or inferred boundaries.,,"Coverage item explicitly tests data range and boundaries for completed status, which is a boundary condition. BVA is appropriate.",REQ-2,Boundary Value Analysis
REQ-2,Users shall be able to mark or unmark a Todo item as completed,TodoItem,COV-008,TS-001,TodoItem Boundary Suite,Test data range and boundaries: completed status,Boundary,"['Boundary Value Analysis', 'Equivalence Partitioning']",['boundary'],Expected result basis: status changed,Boundary Value Analysis,ISTQB Foundation Level / ISO/IEC/IEEE 29119-4 boundary value analysis,TC-006,Boundary value: above upper boundary (generic upper boundary review),status changed,Low,Low,Low,Rule fallback - BVA,Values are selected on and around identifiable or inferred boundaries.,,"Coverage item explicitly tests data range and boundaries for completed status, which is a boundary condition. BVA is appropriate.",REQ-2,Boundary Value Analysis
REQ-3,Users shall be able to edit the text of a Todo item by double-clicking; saving an empty title shall delete the item,TodoItem,COV-014,TS-001,TodoItem Boundary Suite,Test data range and boundaries: empty title,Boundary,"['Boundary Value Analysis', 'Equivalence Partitioning']",['boundary'],Expected result basis: title updated or item deleted,Boundary Value Analysis,ISTQB Foundation Level / ISO/IEC/IEEE 29119-4 boundary value analysis,TC-007,Boundary value: below lower boundary (generic lower invalid boundary),title updated or item deleted,Medium,Medium,Medium,Rule fallback - BVA,Values are selected on and around identifiable or inferred boundaries.,,"Coverage item explicitly tests data range and boundaries for empty title, which is a boundary condition. BVA is appropriate.",REQ-3,Boundary Value Analysis
REQ-3,Users shall be able to edit the text of a Todo item by double-clicking; saving an empty title shall delete the item,TodoItem,COV-014,TS-001,TodoItem Boundary Suite,Test data range and boundaries: empty title,Boundary,"['Boundary Value Analysis', 'Equivalence Partitioning']",['boundary'],Expected result basis: title updated or item deleted,Boundary Value Analysis,ISTQB Foundation Level / ISO/IEC/IEEE 29119-4 boundary value analysis,TC-008,Boundary value: on lower boundary (generic lower valid boundary),title updated or item deleted,Medium,Medium,Medium,Rule fallback - BVA,Values are selected on and around identifiable or inferred boundaries.,,"Coverage item explicitly tests data range and boundaries for empty title, which is a boundary condition. BVA is appropriate.",REQ-3,Boundary Value Analysis
REQ-3,Users shall be able to edit the text of a Todo item by double-clicking; saving an empty title shall delete the item,TodoItem,COV-014,TS-001,TodoItem Boundary Suite,Test data range and boundaries: empty title,Boundary,"['Boundary Value Analysis', 'Equivalence Partitioning']",['boundary'],Expected result basis: title updated or item deleted,Boundary Value Analysis,ISTQB Foundation Level / ISO/IEC/IEEE 29119-4 boundary value analysis,TC-009,Boundary value: above upper boundary (generic upper boundary review),title updated or item deleted,Medium,Medium,Medium,Rule fallback - BVA,Values are selected on and around identifiable or inferred boundaries.,,"Coverage item explicitly tests data range and boundaries for empty title, which is a boundary condition. BVA is appropriate.",REQ-3,Boundary Value Analysis
REQ-6,Users shall be able to filter Todo items by All Active or Completed status,TodoItem,COV-024,TS-001,TodoItem Boundary Suite,Test data range and boundaries: All,Boundary,"['Boundary Value Analysis', 'Equivalence Partitioning']",['boundary'],Expected result basis: filtered list shown,Boundary Value Analysis,ISTQB Foundation Level / ISO/IEC/IEEE 29119-4 boundary value analysis,TC-010,Boundary value: below lower boundary (generic lower invalid boundary),filtered list shown,Medium,Medium,Medium,Rule fallback - BVA,Values are selected on and around identifiable or inferred boundaries.,,"Coverage item explicitly tests data range and boundaries for 'All' filter, which is a boundary condition. BVA is appropriate.",REQ-6,Boundary Value Analysis
REQ-6,Users shall be able to filter Todo items by All Active or Completed status,TodoItem,COV-024,TS-001,TodoItem Boundary Suite,Test data range and boundaries: All,Boundary,"['Boundary Value Analysis', 'Equivalence Partitioning']",['boundary'],Expected result basis: filtered list shown,Boundary Value Analysis,ISTQB Foundation Level / ISO/IEC/IEEE 29119-4 boundary value analysis,TC-011,Boundary value: on lower boundary (generic lower valid boundary),filtered list shown,Medium,Medium,Medium,Rule fallback - BVA,Values are selected on and around identifiable or inferred boundaries.,,"Coverage item explicitly tests data range and boundaries for 'All' filter, which is a boundary condition. BVA is appropriate.",REQ-6,Boundary Value Analysis
REQ-6,Users shall be able to filter Todo items by All Active or Completed status,TodoItem,COV-024,TS-001,TodoItem Boundary Suite,Test data range and boundaries: All,Boundary,"['Boundary Value Analysis', 'Equivalence Partitioning']",['boundary'],Expected result basis: filtered list shown,Boundary Value Analysis,ISTQB Foundation Level / ISO/IEC/IEEE 29119-4 boundary value analysis,TC-012,Boundary value: above upper boundary (generic upper boundary review),filtered list shown,Medium,Medium,Medium,Rule fallback - BVA,Values are selected on and around identifiable or inferred boundaries.,,"Coverage item explicitly tests data range and boundaries for 'All' filter, which is a boundary condition. BVA is appropriate.",REQ-6,Boundary Value Analysis
REQ-6,Users shall be able to filter Todo items by All Active or Completed status,TodoItem,COV-025,TS-001,TodoItem Boundary Suite,Test data range and boundaries: Active,Boundary,"['Boundary Value Analysis', 'Equivalence Partitioning']",['boundary'],Expected result basis: filtered list shown,Boundary Value Analysis,ISTQB Foundation Level / ISO/IEC/IEEE 29119-4 boundary value analysis,TC-013,Boundary value: below lower boundary (generic lower invalid boundary),filtered list shown,Medium,Medium,Medium,Rule fallback - BVA,Values are selected on and around identifiable or inferred boundaries.,,"Coverage item explicitly tests data range and boundaries for 'Active' filter, which is a boundary condition. BVA is appropriate.",REQ-6,Boundary Value Analysis
REQ-6,Users shall be able to filter Todo items by All Active or Completed status,TodoItem,COV-025,TS-001,TodoItem Boundary Suite,Test data range and boundaries: Active,Boundary,"['Boundary Value Analysis', 'Equivalence Partitioning']",['boundary'],Expected result basis: filtered list shown,Boundary Value Analysis,ISTQB Foundation Level / ISO/IEC/IEEE 29119-4 boundary value analysis,TC-014,Boundary value: on lower boundary (generic lower valid boundary),filtered list shown,Medium,Medium,Medium,Rule fallback - BVA,Values are selected on and around identifiable or inferred boundaries.,,"Coverage item explicitly tests data range and boundaries for 'Active' filter, which is a boundary condition. BVA is appropriate.",REQ-6,Boundary Value Analysis
REQ-6,Users shall be able to filter Todo items by All Active or Completed status,TodoItem,COV-025,TS-001,TodoItem Boundary Suite,Test data range and boundaries: Active,Boundary,"['Boundary Value Analysis', 'Equivalence Partitioning']",['boundary'],Expected result basis: filtered list shown,Boundary Value Analysis,ISTQB Foundation Level / ISO/IEC/IEEE 29119-4 boundary value analysis,TC-015,Boundary value: above upper boundary (generic upper boundary review),filtered list shown,Medium,Medium,Medium,Rule fallback - BVA,Values are selected on and around identifiable or inferred boundaries.,,"Coverage item explicitly tests data range and boundaries for 'Active' filter, which is a boundary condition. BVA is appropriate.",REQ-6,Boundary Value Analysis
REQ-6,Users shall be able to filter Todo items by All Active or Completed status,TodoItem,COV-026,TS-001,TodoItem Boundary Suite,Test data range and boundaries: Completed,Boundary,"['Boundary Value Analysis', 'Equivalence Partitioning']",['boundary'],Expected result basis: filtered list shown,Boundary Value Analysis,ISTQB Foundation Level / ISO/IEC/IEEE 29119-4 boundary value analysis,TC-016,Boundary value: below lower boundary (generic lower invalid boundary),filtered list shown,Medium,Medium,Medium,Rule fallback - BVA,Values are selected on and around identifiable or inferred boundaries.,,"The coverage item explicitly tests data range and boundaries, which is the primary focus of Boundary Value Analysis. The technique is appropriate and no change is needed.",REQ-6,Boundary Value Analysis
REQ-6,Users shall be able to filter Todo items by All Active or Completed status,TodoItem,COV-026,TS-001,TodoItem Boundary Suite,Test data range and boundaries: Completed,Boundary,"['Boundary Value Analysis', 'Equivalence Partitioning']",['boundary'],Expected result basis: filtered list shown,Boundary Value Analysis,ISTQB Foundation Level / ISO/IEC/IEEE 29119-4 boundary value analysis,TC-017,Boundary value: on lower boundary (generic lower valid boundary),filtered list shown,Medium,Medium,Medium,Rule fallback - BVA,Values are selected on and around identifiable or inferred boundaries.,,"The coverage item explicitly tests data range and boundaries, which is the primary focus of Boundary Value Analysis. The technique is appropriate and no change is needed.",REQ-6,Boundary Value Analysis
REQ-6,Users shall be able to filter Todo items by All Active or Completed status,TodoItem,COV-026,TS-001,TodoItem Boundary Suite,Test data range and boundaries: Completed,Boundary,"['Boundary Value Analysis', 'Equivalence Partitioning']",['boundary'],Expected result basis: filtered list shown,Boundary Value Analysis,ISTQB Foundation Level / ISO/IEC/IEEE 29119-4 boundary value analysis,TC-018,Boundary value: above upper boundary (generic upper boundary review),filtered list shown,Medium,Medium,Medium,Rule fallback - BVA,Values are selected on and around identifiable or inferred boundaries.,,"The coverage item explicitly tests data range and boundaries, which is the primary focus of Boundary Value Analysis. The technique is appropriate and no change is needed.",REQ-6,Boundary Value Analysis
REQ-7,Users shall be able to clear all completed Todo items at once,TodoItem,COV-029,TS-002,TodoItem Decision Rule Suite,Validate condition: user action,Condition,['Decision Table Testing'],['condition'],Expected result basis: completed items removed,Decision Table Testing,ISTQB Foundation Level / ISO/IEC/IEEE 29119-4 decision table testing,TC-019,Rule 1: All required conditions are true,The permitted action is completed successfully.,Medium,Medium,Medium,Rule fallback - Decision Table,Decision rule based on requirement conditions: All required conditions are true,,The coverage item validates a condition (user action) which implies multiple condition combinations. Decision Table Testing is appropriate for testing combinations of conditions and their corresponding actions.,REQ-7,Decision Table Testing
REQ-7,Users shall be able to clear all completed Todo items at once,TodoItem,COV-029,TS-002,TodoItem Decision Rule Suite,Validate condition: user action,Condition,['Decision Table Testing'],['condition'],Expected result basis: completed items removed,Decision Table Testing,ISTQB Foundation Level / ISO/IEC/IEEE 29119-4 decision table testing,TC-020,Rule 2: At least one required condition is false,The action is rejected or the alternative specified outcome occurs.,Medium,Medium,Medium,Rule fallback - Decision Table,Decision rule based on requirement conditions: At least one required condition is false,,The coverage item validates a condition (user action) which implies multiple condition combinations. Decision Table Testing is appropriate for testing combinations of conditions and their corresponding actions.,REQ-7,Decision Table Testing
REQ-1,Users shall be able to add a new Todo item to a specified List; input consisting only of whitespace shall not create an item,TodoItem,COV-003,TS-003,TodoItem Partition Suite,Validate condition: input is whitespace,Condition,['Decision Table Testing'],['condition'],Expected result basis: no item created,Equivalence Partitioning,ISTQB Foundation Level / ISO/IEC/IEEE 29119-4 equivalence partitioning,TC-021,Representative valid partition data derived from the requirement,no item created,Medium,Medium,Medium,Rule fallback - EP valid partition,Valid equivalence partition for: Validate condition: input is whitespace,,"Coverage item validates a single condition (input is whitespace), which is a specific input value, not a combination of conditions. Equivalence Partitioning is more suitable for testing a specific input class.",REQ-1,Equivalence Partitioning
REQ-1,Users shall be able to add a new Todo item to a specified List; input consisting only of whitespace shall not create an item,TodoItem,COV-003,TS-003,TodoItem Partition Suite,Validate condition: input is whitespace,Condition,['Decision Table Testing'],['condition'],Expected result basis: no item created,Equivalence Partitioning,ISTQB Foundation Level / ISO/IEC/IEEE 29119-4 equivalence partitioning,TC-022,Representative invalid partition data derived from the requirement,no item created,Medium,Medium,Medium,Rule fallback - EP invalid partition,Invalid equivalence partition for: Validate condition: input is whitespace,,"Coverage item validates a single condition (input is whitespace), which is a specific input value, not a combination of conditions. Equivalence Partitioning is more suitable for testing a specific input class.",REQ-1,Equivalence Partitioning
REQ-3,Users shall be able to edit the text of a Todo item by double-clicking; saving an empty title shall delete the item,TodoItem,COV-013,TS-003,TodoItem Partition Suite,Validate condition: save empty,Condition,['Decision Table Testing'],['condition'],Expected result basis: title updated or item deleted,Equivalence Partitioning,ISTQB Foundation Level / ISO/IEC/IEEE 29119-4 equivalence partitioning,TC-023,Representative valid partition data derived from the requirement,title updated or item deleted,Medium,Medium,Medium,Rule fallback - EP valid partition,Valid equivalence partition for: Validate condition: save empty,,"Coverage item validates condition save empty title, which is a specific input value (empty string), not a boundary. Equivalence Partitioning is more suitable for testing a specific input class.",REQ-3,Equivalence Partitioning
REQ-3,Users shall be able to edit the text of a Todo item by double-clicking; saving an empty title shall delete the item,TodoItem,COV-013,TS-003,TodoItem Partition Suite,Validate condition: save empty,Condition,['Decision Table Testing'],['condition'],Expected result basis: title updated or item deleted,Equivalence Partitioning,ISTQB Foundation Level / ISO/IEC/IEEE 29119-4 equivalence partitioning,TC-024,Representative invalid partition data derived from the requirement,title updated or item deleted,Medium,Medium,Medium,Rule fallback - EP invalid partition,Invalid equivalence partition for: Validate condition: save empty,,"Coverage item validates condition save empty title, which is a specific input value (empty string), not a boundary. Equivalence Partitioning is more suitable for testing a specific input class.",REQ-3,Equivalence Partitioning
REQ-6,Users shall be able to filter Todo items by All Active or Completed status,TodoItem,COV-023,TS-003,TodoItem Partition Suite,Validate condition: select filter,Condition,['Decision Table Testing'],['condition'],Expected result basis: filtered list shown,Equivalence Partitioning,ISTQB Foundation Level / ISO/IEC/IEEE 29119-4 equivalence partitioning,TC-025,Representative valid partition data derived from the requirement,filtered list shown,Medium,Medium,Medium,Rule fallback - EP valid partition,Valid equivalence partition for: Validate condition: select filter,,"Coverage item validates condition select filter, which is a single action, not a combination of conditions. Equivalence Partitioning is more suitable for testing a specific input class.",REQ-6,Equivalence Partitioning
REQ-6,Users shall be able to filter Todo items by All Active or Completed status,TodoItem,COV-023,TS-003,TodoItem Partition Suite,Validate condition: select filter,Condition,['Decision Table Testing'],['condition'],Expected result basis: filtered list shown,Equivalence Partitioning,ISTQB Foundation Level / ISO/IEC/IEEE 29119-4 equivalence partitioning,TC-026,Representative invalid partition data derived from the requirement,filtered list shown,Medium,Medium,Medium,Rule fallback - EP invalid partition,Invalid equivalence partition for: Validate condition: select filter,,"Coverage item validates condition select filter, which is a single action, not a combination of conditions. Equivalence Partitioning is more suitable for testing a specific input class.",REQ-6,Equivalence Partitioning
REQ-1,Users shall be able to add a new Todo item to a specified List; input consisting only of whitespace shall not create an item,TodoItem,COV-001,TS-004,TodoItem Partition Suite,Verify core behavior: add item,Functional,['Equivalence Partitioning'],['core'],Expected result basis: no item created,Equivalence Partitioning,ISTQB Foundation Level / ISO/IEC/IEEE 29119-4 equivalence partitioning,TC-027,Representative valid partition data derived from the requirement,no item created,Medium,Medium,Medium,Rule fallback - EP valid partition,Valid equivalence partition for: Verify core behavior: add item,,"Coverage item describes verifying core behavior (add item) which is a single functional scenario, not a combination of conditions. Equivalence Partitioning is more suitable for testing a single valid action.",REQ-1,Equivalence Partitioning
REQ-1,Users shall be able to add a new Todo item to a specified List; input consisting only of whitespace shall not create an item,TodoItem,COV-001,TS-004,TodoItem Partition Suite,Verify core behavior: add item,Functional,['Equivalence Partitioning'],['core'],Expected result basis: no item created,Equivalence Partitioning,ISTQB Foundation Level / ISO/IEC/IEEE 29119-4 equivalence partitioning,TC-028,Representative invalid partition data derived from the requirement,no item created,Medium,Medium,Medium,Rule fallback - EP invalid partition,Invalid equivalence partition for: Verify core behavior: add item,,"Coverage item describes verifying core behavior (add item) which is a single functional scenario, not a combination of conditions. Equivalence Partitioning is more suitable for testing a single valid action.",REQ-1,Equivalence Partitioning
REQ-2,Users shall be able to mark or unmark a Todo item as completed,TodoItem,COV-005,TS-004,TodoItem Partition Suite,Verify core behavior: toggle completed,Functional,['Equivalence Partitioning'],['core'],Expected result basis: status changed,Equivalence Partitioning,ISTQB Foundation Level / ISO/IEC/IEEE 29119-4 equivalence partitioning,TC-029,Representative valid partition data derived from the requirement,status changed,Low,Low,Low,Rule fallback - EP valid partition,Valid equivalence partition for: Verify core behavior: toggle completed,,"Coverage item describes verifying core behavior (toggle completed) which is a single functional scenario, not a combination of conditions. Equivalence Partitioning is more suitable.",REQ-2,Equivalence Partitioning
REQ-2,Users shall be able to mark or unmark a Todo item as completed,TodoItem,COV-005,TS-004,TodoItem Partition Suite,Verify core behavior: toggle completed,Functional,['Equivalence Partitioning'],['core'],Expected result basis: status changed,Equivalence Partitioning,ISTQB Foundation Level / ISO/IEC/IEEE 29119-4 equivalence partitioning,TC-030,Representative invalid partition data derived from the requirement,status changed,Low,Low,Low,Rule fallback - EP invalid partition,Invalid equivalence partition for: Verify core behavior: toggle completed,,"Coverage item describes verifying core behavior (toggle completed) which is a single functional scenario, not a combination of conditions. Equivalence Partitioning is more suitable.",REQ-2,Equivalence Partitioning
REQ-3,Users shall be able to edit the text of a Todo item by double-clicking; saving an empty title shall delete the item,TodoItem,COV-009,TS-004,TodoItem Partition Suite,Verify core behavior: edit title,Functional,['Equivalence Partitioning'],['core'],Expected result basis: title updated or item deleted,Equivalence Partitioning,ISTQB Foundation Level / ISO/IEC/IEEE 29119-4 equivalence partitioning,TC-031,Representative valid partition data derived from the requirement,title updated or item deleted,Medium,Medium,Medium,Rule fallback - EP valid partition,Valid equivalence partition for: Verify core behavior: edit title,,"Coverage item describes verifying core behavior (edit title) which is a single functional scenario, not a combination of conditions. Equivalence Partitioning is more suitable.",REQ-3,Equivalence Partitioning
REQ-3,Users shall be able to edit the text of a Todo item by double-clicking; saving an empty title shall delete the item,TodoItem,COV-009,TS-004,TodoItem Partition Suite,Verify core behavior: edit title,Functional,['Equivalence Partitioning'],['core'],Expected result basis: title updated or item deleted,Equivalence Partitioning,ISTQB Foundation Level / ISO/IEC/IEEE 29119-4 equivalence partitioning,TC-032,Representative invalid partition data derived from the requirement,title updated or item deleted,Medium,Medium,Medium,Rule fallback - EP invalid partition,Invalid equivalence partition for: Verify core behavior: edit title,,"Coverage item describes verifying core behavior (edit title) which is a single functional scenario, not a combination of conditions. Equivalence Partitioning is more suitable.",REQ-3,Equivalence Partitioning
REQ-4,Users shall be able to delete a single Todo item,TodoItem,COV-015,TS-004,TodoItem Partition Suite,Verify core behavior: delete item,Functional,['Equivalence Partitioning'],['core'],Expected result basis: item removed,Equivalence Partitioning,ISTQB Foundation Level / ISO/IEC/IEEE 29119-4 equivalence partitioning,TC-033,Representative valid partition data derived from the requirement,item removed,Low,Low,Low,Rule fallback - EP valid partition,Valid equivalence partition for: Verify core behavior: delete item,,"Coverage item describes verifying core behavior (delete item) which is a single functional scenario, not a combination of conditions. Equivalence Partitioning is more suitable.",REQ-4,Equivalence Partitioning
REQ-4,Users shall be able to delete a single Todo item,TodoItem,COV-015,TS-004,TodoItem Partition Suite,Verify core behavior: delete item,Functional,['Equivalence Partitioning'],['core'],Expected result basis: item removed,Equivalence Partitioning,ISTQB Foundation Level / ISO/IEC/IEEE 29119-4 equivalence partitioning,TC-034,Representative invalid partition data derived from the requirement,item removed,Low,Low,Low,Rule fallback - EP invalid partition,Invalid equivalence partition for: Verify core behavior: delete item,,"Coverage item describes verifying core behavior (delete item) which is a single functional scenario, not a combination of conditions. Equivalence Partitioning is more suitable.",REQ-4,Equivalence Partitioning
REQ-5,Users shall be able to toggle all Todo items to completed or active using a single control,TodoItem,COV-018,TS-004,TodoItem Partition Suite,Verify core behavior: toggle all,Functional,['Equivalence Partitioning'],['core'],Expected result basis: all toggled,Equivalence Partitioning,ISTQB Foundation Level / ISO/IEC/IEEE 29119-4 equivalence partitioning,TC-035,Representative valid partition data derived from the requirement,all toggled,Medium,Medium,Medium,Rule fallback - EP valid partition,Valid equivalence partition for: Verify core behavior: toggle all,,"Coverage item describes verifying core behavior (toggle all) which is a single functional scenario, not a combination of conditions. Equivalence Partitioning is more suitable.",REQ-5,Equivalence Partitioning
REQ-5,Users shall be able to toggle all Todo items to completed or active using a single control,TodoItem,COV-018,TS-004,TodoItem Partition Suite,Verify core behavior: toggle all,Functional,['Equivalence Partitioning'],['core'],Expected result basis: all toggled,Equivalence Partitioning,ISTQB Foundation Level / ISO/IEC/IEEE 29119-4 equivalence partitioning,TC-036,Representative invalid partition data derived from the requirement,all toggled,Medium,Medium,Medium,Rule fallback - EP invalid partition,Invalid equivalence partition for: Verify core behavior: toggle all,,"Coverage item describes verifying core behavior (toggle all) which is a single functional scenario, not a combination of conditions. Equivalence Partitioning is more suitable.",REQ-5,Equivalence Partitioning
REQ-6,Users shall be able to filter Todo items by All Active or Completed status,TodoItem,COV-021,TS-004,TodoItem Partition Suite,Verify core behavior: apply filter,Functional,['Equivalence Partitioning'],['core'],Expected result basis: filtered list shown,Equivalence Partitioning,ISTQB Foundation Level / ISO/IEC/IEEE 29119-4 equivalence partitioning,TC-037,Representative valid partition data derived from the requirement,filtered list shown,Medium,Medium,Medium,Rule fallback - EP valid partition,Valid equivalence partition for: Verify core behavior: apply filter,,"Coverage item describes verifying core behavior (apply filter) which is a single functional scenario, not a combination of conditions. Equivalence Partitioning is more suitable.",REQ-6,Equivalence Partitioning
REQ-6,Users shall be able to filter Todo items by All Active or Completed status,TodoItem,COV-021,TS-004,TodoItem Partition Suite,Verify core behavior: apply filter,Functional,['Equivalence Partitioning'],['core'],Expected result basis: filtered list shown,Equivalence Partitioning,ISTQB Foundation Level / ISO/IEC/IEEE 29119-4 equivalence partitioning,TC-038,Representative invalid partition data derived from the requirement,filtered list shown,Medium,Medium,Medium,Rule fallback - EP invalid partition,Invalid equivalence partition for: Verify core behavior: apply filter,,"Coverage item describes verifying core behavior (apply filter) which is a single functional scenario, not a combination of conditions. Equivalence Partitioning is more suitable.",REQ-6,Equivalence Partitioning
REQ-7,Users shall be able to clear all completed Todo items at once,TodoItem,COV-027,TS-004,TodoItem Partition Suite,Verify core behavior: clear completed,Functional,['Equivalence Partitioning'],['core'],Expected result basis: completed items removed,Equivalence Partitioning,ISTQB Foundation Level / ISO/IEC/IEEE 29119-4 equivalence partitioning,TC-039,Representative valid partition data derived from the requirement,completed items removed,Medium,Medium,Medium,Rule fallback - EP valid partition,Valid equivalence partition for: Verify core behavior: clear completed,,The coverage item 'Verify core behavior: clear completed' is a single functional behavior without multiple condition combinations. Decision Table Testing is overkill; Equivalence Partitioning is more suitable for testing a single action with valid/invalid inputs.,REQ-7,Equivalence Partitioning
REQ-7,Users shall be able to clear all completed Todo items at once,TodoItem,COV-027,TS-004,TodoItem Partition Suite,Verify core behavior: clear completed,Functional,['Equivalence Partitioning'],['core'],Expected result basis: completed items removed,Equivalence Partitioning,ISTQB Foundation Level / ISO/IEC/IEEE 29119-4 equivalence partitioning,TC-040,Representative invalid partition data derived from the requirement,completed items removed,Medium,Medium,Medium,Rule fallback - EP invalid partition,Invalid equivalence partition for: Verify core behavior: clear completed,,The coverage item 'Verify core behavior: clear completed' is a single functional behavior without multiple condition combinations. Decision Table Testing is overkill; Equivalence Partitioning is more suitable for testing a single action with valid/invalid inputs.,REQ-7,Equivalence Partitioning
REQ-1,Users shall be able to add a new Todo item to a specified List; input consisting only of whitespace shall not create an item,TodoItem,COV-002,TS-005,TodoItem Partition Suite,Test input field 'input' with valid and invalid data,Input,"['Equivalence Partitioning', 'Boundary Value Analysis']",['input'],Expected result basis: no item created,Equivalence Partitioning,ISTQB Foundation Level / ISO/IEC/IEEE 29119-4 equivalence partitioning,TC-041,Representative valid partition data derived from the requirement,no item created,Medium,Medium,Medium,Rule fallback - EP valid partition,Valid equivalence partition for: Test input field 'input' with valid and invalid data,,"Coverage item tests input field with valid and invalid data, which is a classic equivalence partitioning scenario. BVA is more appropriate for boundary-specific tests, not general valid/invalid data testing.",REQ-1,Equivalence Partitioning
REQ-1,Users shall be able to add a new Todo item to a specified List; input consisting only of whitespace shall not create an item,TodoItem,COV-002,TS-005,TodoItem Partition Suite,Test input field 'input' with valid and invalid data,Input,"['Equivalence Partitioning', 'Boundary Value Analysis']",['input'],Expected result basis: no item created,Equivalence Partitioning,ISTQB Foundation Level / ISO/IEC/IEEE 29119-4 equivalence partitioning,TC-042,Representative invalid partition data derived from the requirement,no item created,Medium,Medium,Medium,Rule fallback - EP invalid partition,Invalid equivalence partition for: Test input field 'input' with valid and invalid data,,"Coverage item tests input field with valid and invalid data, which is a classic equivalence partitioning scenario. BVA is more appropriate for boundary-specific tests, not general valid/invalid data testing.",REQ-1,Equivalence Partitioning
REQ-2,Users shall be able to mark or unmark a Todo item as completed,TodoItem,COV-006,TS-005,TodoItem Partition Suite,Test input field 'item' with valid and invalid data,Input,"['Equivalence Partitioning', 'Boundary Value Analysis']",['input'],Expected result basis: status changed,Equivalence Partitioning,ISTQB Foundation Level / ISO/IEC/IEEE 29119-4 equivalence partitioning,TC-043,Representative valid partition data derived from the requirement,status changed,Low,Low,Low,Rule fallback - EP valid partition,Valid equivalence partition for: Test input field 'item' with valid and invalid data,,"Coverage item tests input field with valid and invalid data, which is a classic equivalence partitioning scenario. BVA is not appropriate for general valid/invalid data testing.",REQ-2,Equivalence Partitioning
REQ-2,Users shall be able to mark or unmark a Todo item as completed,TodoItem,COV-006,TS-005,TodoItem Partition Suite,Test input field 'item' with valid and invalid data,Input,"['Equivalence Partitioning', 'Boundary Value Analysis']",['input'],Expected result basis: status changed,Equivalence Partitioning,ISTQB Foundation Level / ISO/IEC/IEEE 29119-4 equivalence partitioning,TC-044,Representative invalid partition data derived from the requirement,status changed,Low,Low,Low,Rule fallback - EP invalid partition,Invalid equivalence partition for: Test input field 'item' with valid and invalid data,,"Coverage item tests input field with valid and invalid data, which is a classic equivalence partitioning scenario. BVA is not appropriate for general valid/invalid data testing.",REQ-2,Equivalence Partitioning
REQ-3,Users shall be able to edit the text of a Todo item by double-clicking; saving an empty title shall delete the item,TodoItem,COV-010,TS-005,TodoItem Partition Suite,Test input field 'item' with valid and invalid data,Input,"['Equivalence Partitioning', 'Boundary Value Analysis']",['input'],Expected result basis: title updated or item deleted,Equivalence Partitioning,ISTQB Foundation Level / ISO/IEC/IEEE 29119-4 equivalence partitioning,TC-045,Representative valid partition data derived from the requirement,title updated or item deleted,Medium,Medium,Medium,Rule fallback - EP valid partition,Valid equivalence partition for: Test input field 'item' with valid and invalid data,,"Coverage item tests input field 'item' with valid and invalid data, which is a classic equivalence partitioning scenario. BVA is not appropriate for general valid/invalid data testing.",REQ-3,Equivalence Partitioning
REQ-3,Users shall be able to edit the text of a Todo item by double-clicking; saving an empty title shall delete the item,TodoItem,COV-010,TS-005,TodoItem Partition Suite,Test input field 'item' with valid and invalid data,Input,"['Equivalence Partitioning', 'Boundary Value Analysis']",['input'],Expected result basis: title updated or item deleted,Equivalence Partitioning,ISTQB Foundation Level / ISO/IEC/IEEE 29119-4 equivalence partitioning,TC-046,Representative invalid partition data derived from the requirement,title updated or item deleted,Medium,Medium,Medium,Rule fallback - EP invalid partition,Invalid equivalence partition for: Test input field 'item' with valid and invalid data,,"Coverage item tests input field 'item' with valid and invalid data, which is a classic equivalence partitioning scenario. BVA is not appropriate for general valid/invalid data testing.",REQ-3,Equivalence Partitioning
REQ-3,Users shall be able to edit the text of a Todo item by double-clicking; saving an empty title shall delete the item,TodoItem,COV-011,TS-005,TodoItem Partition Suite,Test input field 'title' with valid and invalid data,Input,"['Equivalence Partitioning', 'Boundary Value Analysis']",['input'],Expected result basis: title updated or item deleted,Equivalence Partitioning,ISTQB Foundation Level / ISO/IEC/IEEE 29119-4 equivalence partitioning,TC-047,Representative valid partition data derived from the requirement,title updated or item deleted,Medium,Medium,Medium,Rule fallback - EP valid partition,Valid equivalence partition for: Test input field 'title' with valid and invalid data,,"Coverage item tests input field 'title' with valid and invalid data, which is a classic equivalence partitioning scenario. BVA is not appropriate for general valid/invalid data testing.",REQ-3,Equivalence Partitioning
REQ-3,Users shall be able to edit the text of a Todo item by double-clicking; saving an empty title shall delete the item,TodoItem,COV-011,TS-005,TodoItem Partition Suite,Test input field 'title' with valid and invalid data,Input,"['Equivalence Partitioning', 'Boundary Value Analysis']",['input'],Expected result basis: title updated or item deleted,Equivalence Partitioning,ISTQB Foundation Level / ISO/IEC/IEEE 29119-4 equivalence partitioning,TC-048,Representative invalid partition data derived from the requirement,title updated or item deleted,Medium,Medium,Medium,Rule fallback - EP invalid partition,Invalid equivalence partition for: Test input field 'title' with valid and invalid data,,"Coverage item tests input field 'title' with valid and invalid data, which is a classic equivalence partitioning scenario. BVA is not appropriate for general valid/invalid data testing.",REQ-3,Equivalence Partitioning
REQ-4,Users shall be able to delete a single Todo item,TodoItem,COV-016,TS-005,TodoItem Partition Suite,Test input field 'item' with valid and invalid data,Input,"['Equivalence Partitioning', 'Boundary Value Analysis']",['input'],Expected result basis: item removed,Equivalence Partitioning,ISTQB Foundation Level / ISO/IEC/IEEE 29119-4 equivalence partitioning,TC-049,Representative valid partition data derived from the requirement,item removed,Low,Low,Low,Rule fallback - EP valid partition,Valid equivalence partition for: Test input field 'item' with valid and invalid data,,"Coverage item tests input field 'item' with valid and invalid data, which is a classic equivalence partitioning scenario. BVA is not appropriate for general valid/invalid data testing.",REQ-4,Equivalence Partitioning
REQ-4,Users shall be able to delete a single Todo item,TodoItem,COV-016,TS-005,TodoItem Partition Suite,Test input field 'item' with valid and invalid data,Input,"['Equivalence Partitioning', 'Boundary Value Analysis']",['input'],Expected result basis: item removed,Equivalence Partitioning,ISTQB Foundation Level / ISO/IEC/IEEE 29119-4 equivalence partitioning,TC-050,Representative invalid partition data derived from the requirement,item removed,Low,Low,Low,Rule fallback - EP invalid partition,Invalid equivalence partition for: Test input field 'item' with valid and invalid data,,"Coverage item tests input field 'item' with valid and invalid data, which is a classic equivalence partitioning scenario. BVA is not appropriate for general valid/invalid data testing.",REQ-4,Equivalence Partitioning
REQ-5,Users shall be able to toggle all Todo items to completed or active using a single control,TodoItem,COV-019,TS-005,TodoItem Partition Suite,Test input field 'control' with valid and invalid data,Input,"['Equivalence Partitioning', 'Boundary Value Analysis']",['input'],Expected result basis: all toggled,Equivalence Partitioning,ISTQB Foundation Level / ISO/IEC/IEEE 29119-4 equivalence partitioning,TC-051,Representative valid partition data derived from the requirement,all toggled,Medium,Medium,Medium,Rule fallback - EP valid partition,Valid equivalence partition for: Test input field 'control' with valid and invalid data,,"Coverage item tests input field 'control' with valid and invalid data, which is a classic equivalence partitioning scenario. BVA is not appropriate for general valid/invalid data testing.",REQ-5,Equivalence Partitioning
REQ-5,Users shall be able to toggle all Todo items to completed or active using a single control,TodoItem,COV-019,TS-005,TodoItem Partition Suite,Test input field 'control' with valid and invalid data,Input,"['Equivalence Partitioning', 'Boundary Value Analysis']",['input'],Expected result basis: all toggled,Equivalence Partitioning,ISTQB Foundation Level / ISO/IEC/IEEE 29119-4 equivalence partitioning,TC-052,Representative invalid partition data derived from the requirement,all toggled,Medium,Medium,Medium,Rule fallback - EP invalid partition,Invalid equivalence partition for: Test input field 'control' with valid and invalid data,,"Coverage item tests input field 'control' with valid and invalid data, which is a classic equivalence partitioning scenario. BVA is not appropriate for general valid/invalid data testing.",REQ-5,Equivalence Partitioning
REQ-6,Users shall be able to filter Todo items by All Active or Completed status,TodoItem,COV-022,TS-005,TodoItem Partition Suite,Test input field 'filter' with valid and invalid data,Input,"['Equivalence Partitioning', 'Boundary Value Analysis']",['input'],Expected result basis: filtered list shown,Equivalence Partitioning,ISTQB Foundation Level / ISO/IEC/IEEE 29119-4 equivalence partitioning,TC-053,Representative valid partition data derived from the requirement,filtered list shown,Medium,Medium,Medium,Rule fallback - EP valid partition,Valid equivalence partition for: Test input field 'filter' with valid and invalid data,,"Coverage item tests input field 'filter' with valid and invalid data, which is a classic equivalence partitioning scenario. BVA is not appropriate for general valid/invalid data testing.",REQ-6,Equivalence Partitioning
REQ-6,Users shall be able to filter Todo items by All Active or Completed status,TodoItem,COV-022,TS-005,TodoItem Partition Suite,Test input field 'filter' with valid and invalid data,Input,"['Equivalence Partitioning', 'Boundary Value Analysis']",['input'],Expected result basis: filtered list shown,Equivalence Partitioning,ISTQB Foundation Level / ISO/IEC/IEEE 29119-4 equivalence partitioning,TC-054,Representative invalid partition data derived from the requirement,filtered list shown,Medium,Medium,Medium,Rule fallback - EP invalid partition,Invalid equivalence partition for: Test input field 'filter' with valid and invalid data,,"Coverage item tests input field 'filter' with valid and invalid data, which is a classic equivalence partitioning scenario. BVA is not appropriate for general valid/invalid data testing.",REQ-6,Equivalence Partitioning
REQ-7,Users shall be able to clear all completed Todo items at once,TodoItem,COV-028,TS-005,TodoItem Partition Suite,Test input field 'completed items' with valid and invalid data,Input,"['Equivalence Partitioning', 'Boundary Value Analysis']",['input'],Expected result basis: completed items removed,Equivalence Partitioning,ISTQB Foundation Level / ISO/IEC/IEEE 29119-4 equivalence partitioning,TC-055,Representative valid partition data derived from the requirement,completed items removed,Medium,Medium,Medium,Rule fallback - EP valid partition,Valid equivalence partition for: Test input field 'completed items' with valid and invalid data,,"The coverage item tests input field with valid and invalid data, which is a classic Equivalence Partitioning scenario. Boundary Value Analysis is not the primary technique here as no specific boundaries are mentioned.",REQ-7,Equivalence Partitioning
REQ-7,Users shall be able to clear all completed Todo items at once,TodoItem,COV-028,TS-005,TodoItem Partition Suite,Test input field 'completed items' with valid and invalid data,Input,"['Equivalence Partitioning', 'Boundary Value Analysis']",['input'],Expected result basis: completed items removed,Equivalence Partitioning,ISTQB Foundation Level / ISO/IEC/IEEE 29119-4 equivalence partitioning,TC-056,Representative invalid partition data derived from the requirement,completed items removed,Medium,Medium,Medium,Rule fallback - EP invalid partition,Invalid equivalence partition for: Test input field 'completed items' with valid and invalid data,,"The coverage item tests input field with valid and invalid data, which is a classic Equivalence Partitioning scenario. Boundary Value Analysis is not the primary technique here as no specific boundaries are mentioned.",REQ-7,Equivalence Partitioning
REQ-2,Users shall be able to mark or unmark a Todo item as completed,TodoItem,COV-007,TS-006,TodoItem State Behavior Suite,Validate condition: user action,Condition,['Decision Table Testing'],['condition'],Expected result basis: status changed,State Transition Testing,ISTQB Foundation Level / ISO/IEC/IEEE 29119-4 state transition testing,TC-057,Transition scenario for: Validate condition: user action,The observable result matches the expected action for the specified condition combination.,Low,Low,Low,Rule fallback - State Transition,Validate condition: user action,,"Coverage item validates user action for toggling completed status, which involves state changes (from active to completed or vice versa). State Transition Testing is more appropriate for testing state-dependent behavior.",REQ-2,State Transition Testing
REQ-3,Users shall be able to edit the text of a Todo item by double-clicking; saving an empty title shall delete the item,TodoItem,COV-012,TS-006,TodoItem State Behavior Suite,Validate condition: double-click,Condition,['Decision Table Testing'],['condition'],Expected result basis: title updated or item deleted,State Transition Testing,ISTQB Foundation Level / ISO/IEC/IEEE 29119-4 state transition testing,TC-058,Transition scenario for: Validate condition: double-click,The observable result matches the expected action for the specified condition combination.,Medium,Medium,Medium,Rule fallback - State Transition,Validate condition: double-click,,"Coverage item validates condition double-click for editing title, which involves a state transition (from view to edit mode). State Transition Testing is more appropriate.",REQ-3,State Transition Testing
REQ-4,Users shall be able to delete a single Todo item,TodoItem,COV-017,TS-006,TodoItem State Behavior Suite,Validate condition: user action,Condition,['Decision Table Testing'],['condition'],Expected result basis: item removed,State Transition Testing,ISTQB Foundation Level / ISO/IEC/IEEE 29119-4 state transition testing,TC-059,Transition scenario for: Validate condition: user action,The observable result matches the expected action for the specified condition combination.,Low,Low,Low,Rule fallback - State Transition,Validate condition: user action,,"Coverage item validates user action for deleting an item, which involves a state change (from existing to deleted). State Transition Testing is more appropriate.",REQ-4,State Transition Testing
REQ-5,Users shall be able to toggle all Todo items to completed or active using a single control,TodoItem,COV-020,TS-006,TodoItem State Behavior Suite,Validate condition: user action,Condition,['Decision Table Testing'],['condition'],Expected result basis: all toggled,State Transition Testing,ISTQB Foundation Level / ISO/IEC/IEEE 29119-4 state transition testing,TC-060,Transition scenario for: Validate condition: user action,The observable result matches the expected action for the specified condition combination.,Medium,Medium,Medium,Rule fallback - State Transition,Validate condition: user action,,"Coverage item validates user action for toggling all items, which involves a state change (all items toggled). State Transition Testing is more appropriate.",REQ-5,State Transition Testing
REQ-1,Users shall be able to add a new Todo item to a specified List; input consisting only of whitespace shall not create an item,TodoItem,COV-AI-001,TS-007,TodoItem State Behavior Suite,Test adding item when list is full or unavailable,Error,['Error Guessing'],['llm-suggested'],Missing error handling and state transition coverage for several requirements,State Transition Testing,ISTQB Foundation Level / ISO/IEC/IEEE 29119-4 state transition testing,TC-061,Transition scenario for: Test adding item when list is full or unavailable,"The system reaches the expected target state after the event, or rejects an invalid transition without corrupting state.",Medium,Medium,Medium,Rule fallback - State Transition,Test adding item when list is full or unavailable,,"Fallback rule: coverage describes states, events, or lifecycle behaviour, so state transition testing is suitable.",REQ-1,State Transition Testing
REQ-3,Users shall be able to edit the text of a Todo item by double-clicking; saving an empty title shall delete the item,TodoItem,COV-AI-003,TS-007,TodoItem State Behavior Suite,Test editing item that was deleted by another user,Error,['Error Guessing'],['llm-suggested'],Missing error handling and state transition coverage for several requirements,State Transition Testing,ISTQB Foundation Level / ISO/IEC/IEEE 29119-4 state transition testing,TC-062,Transition scenario for: Test editing item that was deleted by another user,"The system reaches the expected target state after the event, or rejects an invalid transition without corrupting state.",Medium,Medium,Medium,Rule fallback - State Transition,Test editing item that was deleted by another user,,"Fallback rule: coverage describes states, events, or lifecycle behaviour, so state transition testing is suitable.",REQ-3,State Transition Testing
REQ-4,Users shall be able to delete a single Todo item,TodoItem,COV-AI-004,TS-007,TodoItem State Behavior Suite,Test deleting item that is already deleted,Error,['Error Guessing'],['llm-suggested'],Missing error handling and state transition coverage for several requirements,State Transition Testing,ISTQB Foundation Level / ISO/IEC/IEEE 29119-4 state transition testing,TC-063,Transition scenario for: Test deleting item that is already deleted,"The system reaches the expected target state after the event, or rejects an invalid transition without corrupting state.",Medium,Medium,Medium,Rule fallback - State Transition,Test deleting item that is already deleted,,"Fallback rule: coverage describes states, events, or lifecycle behaviour, so state transition testing is suitable.",REQ-4,State Transition Testing
REQ-6,Users shall be able to filter Todo items by All Active or Completed status,TodoItem,COV-AI-006,TS-007,TodoItem State Behavior Suite,Test filter with invalid filter value,Error,['Error Guessing'],['llm-suggested'],Missing error handling and state transition coverage for several requirements,State Transition Testing,ISTQB Foundation Level / ISO/IEC/IEEE 29119-4 state transition testing,TC-064,Transition scenario for: Test filter with invalid filter value,The system rejects or safely handles the invalid input; no invalid state or invalid data is committed.,Medium,Medium,Medium,Rule fallback - State Transition,Test filter with invalid filter value,,"Fallback rule: coverage describes states, events, or lifecycle behaviour, so state transition testing is suitable.",REQ-6,State Transition Testing
REQ-7,Users shall be able to clear all completed Todo items at once,TodoItem,COV-AI-007,TS-007,TodoItem State Behavior Suite,Test clearing completed when no items are completed,Error,['Error Guessing'],['llm-suggested'],Missing error handling and state transition coverage for several requirements,State Transition Testing,ISTQB Foundation Level / ISO/IEC/IEEE 29119-4 state transition testing,TC-065,Transition scenario for: Test clearing completed when no items are completed,"The system reaches the expected target state after the event, or rejects an invalid transition without corrupting state.",Medium,Medium,Medium,Rule fallback - State Transition,Test clearing completed when no items are completed,,"Fallback rule: coverage describes states, events, or lifecycle behaviour, so state transition testing is suitable.",REQ-7,State Transition Testing
REQ-STATE-MODEL,State model derived requirement,TodoItem,COV-STATE-TR-001,TS-009,State Transition Model Suite,State transition coverage derived from the generated behavior model,State Transition,State Transition Testing,,,State Transition Testing,,TC-066,Buy milk,The system rejects or safely handles the invalid input; no invalid state or invalid data is committed.,High,Medium,,State transition optimized sequence,TR-001: Empty List --Add valid item--> List with Items,,Covers state/event sequences derived from the behavior model.,,
REQ-STATE-MODEL,State model derived requirement,TodoItem,COV-STATE-TR-003,TS-009,State Transition Model Suite,State transition coverage derived from the generated behavior model,State Transition,State Transition Testing,,,State Transition Testing,,TC-067,item 1,"The system reaches the expected target state after the event, or rejects an invalid transition without corrupting state.",High,Medium,,State transition optimized sequence,TR-003: List with Items --Toggle item completed--> List with Items,,Covers state/event sequences derived from the behavior model.,,
REQ-STATE-MODEL,State model derived requirement,TodoItem,COV-STATE-TR-004,TS-009,State Transition Model Suite,State transition coverage derived from the generated behavior model,State Transition,State Transition Testing,,,State Transition Testing,,TC-068,"item 1, new title: Buy eggs",The system rejects or safely handles the invalid input; no invalid state or invalid data is committed.,High,Medium,,State transition optimized sequence,TR-004: List with Items --Edit item title to non-empty--> List with Items,,Covers state/event sequences derived from the behavior model.,,
REQ-STATE-MODEL,State model derived requirement,TodoItem,COV-STATE-TR-005,TS-009,State Transition Model Suite,State transition coverage derived from the generated behavior model,State Transition,State Transition Testing,,,State Transition Testing,,TC-069,"item 1, new title: ''",The system rejects or safely handles the invalid input; no invalid state or invalid data is committed.,High,Medium,,State transition optimized sequence,TR-005: List with Items --Edit item title to empty--> List with Items,,Covers state/event sequences derived from the behavior model.,,
REQ-STATE-MODEL,State model derived requirement,TodoItem,COV-STATE-TR-006,TS-009,State Transition Model Suite,State transition coverage derived from the generated behavior model,State Transition,State Transition Testing,,,State Transition Testing,,TC-070,item 1,"The system reaches the expected target state after the event, or rejects an invalid transition without corrupting state.",High,Medium,,State transition optimized sequence,TR-006: List with Items --Delete single item--> List with Items,,Covers state/event sequences derived from the behavior model.,,
REQ-STATE-MODEL,State model derived requirement,TodoItem,COV-STATE-TR-007,TS-009,State Transition Model Suite,State transition coverage derived from the generated behavior model,State Transition,State Transition Testing,,,State Transition Testing,,TC-071,toggle all,"The system reaches the expected target state after the event, or rejects an invalid transition without corrupting state.",High,Medium,,State transition optimized sequence,TR-007: List with Items --Toggle all to completed--> All Completed,,Covers state/event sequences derived from the behavior model.,,
REQ-STATE-MODEL,State model derived requirement,TodoItem,COV-STATE-TR-008,TS-009,State Transition Model Suite,State transition coverage derived from the generated behavior model,State Transition,State Transition Testing,,,State Transition Testing,,TC-072,toggle all,"The system reaches the expected target state after the event, or rejects an invalid transition without corrupting state.",High,Medium,,State transition optimized sequence,TR-008: All Completed --Toggle all to active--> List with Items,,Covers state/event sequences derived from the behavior model.,,
REQ-STATE-MODEL,State model derived requirement,TodoItem,COV-STATE-TR-009,TS-009,State Transition Model Suite,State transition coverage derived from the generated behavior model,State Transition,State Transition Testing,,,State Transition Testing,,TC-073,Active,"The system reaches the expected target state after the event, or rejects an invalid transition without corrupting state.",High,Medium,,State transition optimized sequence,TR-009: List with Items --Filter by Active--> Filtered View,,Covers state/event sequences derived from the behavior model.,,
REQ-STATE-MODEL,State model derived requirement,TodoItem,COV-STATE-TR-010,TS-009,State Transition Model Suite,State transition coverage derived from the generated behavior model,State Transition,State Transition Testing,,,State Transition Testing,,TC-074,All,"The system reaches the expected target state after the event, or rejects an invalid transition without corrupting state.",High,Medium,,State transition optimized sequence,TR-010: Filtered View --Filter by All--> List with Items,,Covers state/event sequences derived from the behavior model.,,
REQ-STATE-MODEL,State model derived requirement,TodoItem,COV-STATE-TR-002,TS-009,State Transition Model Suite,State transition coverage derived from the generated behavior model,State Transition,State Transition Testing,,,State Transition Testing,,TC-075,   ,The system rejects or safely handles the invalid input; no invalid state or invalid data is committed.,High,Medium,,State transition optimized sequence,TR-002: Empty List --Add whitespace item--> Empty List,,Covers state/event sequences derived from the behavior model.,,
REQ-STATE-MODEL,State model derived requirement,TodoItem,COV-STATE-TR-011,TS-009,State Transition Model Suite,State transition coverage derived from the generated behavior model,State Transition,State Transition Testing,,,State Transition Testing,,TC-076,clear,The system rejects or safely handles the invalid input; no invalid state or invalid data is committed.,High,Medium,,State transition optimized sequence,TR-011: All Completed --Clear completed--> Empty List,,Covers state/event sequences derived from the behavior model.,,
REQ-2,Users shall be able to mark or unmark a Todo item as completed,TodoItem,COV-AI-002,TS-008,TodoItem State Behavior Suite,Test toggling completed status multiple times,State Transition,['State Transition Testing'],['llm-suggested'],Missing error handling and state transition coverage for several requirements,State Transition Testing,ISTQB Foundation Level / ISO/IEC/IEEE 29119-4 state transition testing,TC-077,item completed,Status toggles correctly each time.,Medium,Medium,Medium,LLM missing test case suggestion,LLM identified missing coverage in existing test cases.,Missing multiple toggle test,"The coverage item explicitly tests toggling completed status multiple times, which involves state changes (completed <-> not completed). State Transition Testing is perfectly suitable.",REQ-2,State Transition Testing
REQ-5,Users shall be able to toggle all Todo items to completed or active using a single control,TodoItem,COV-AI-005,TS-008,TodoItem State Behavior Suite,Test toggling all when some items are already toggled,State Transition,['State Transition Testing'],['llm-suggested'],Missing error handling and state transition coverage for several requirements,State Transition Testing,ISTQB Foundation Level / ISO/IEC/IEEE 29119-4 state transition testing,TC-078,mixed completed states,All items toggled to opposite state.,Medium,Medium,Medium,LLM missing test case suggestion,LLM identified missing coverage in existing test cases.,Missing mixed state toggle,"The coverage item tests toggling all when some items are already toggled, which involves state changes. State Transition Testing is suitable for testing state transitions.",REQ-5,State Transition Testing
